https://image.withstatic.com/295/32/102/6f52bd9340b54ae8bc413e18ec7259e0.png?width=792&height=480&format=webp,★당일특가★ 세인트존스 호텔,9.2,10289,159495
https://image.withstatic.com/194/357/461/ccf578228d59481187d11fff79e5af2f.jpg?width=792&height=480&format=webp,스카이베이호텔 경포,9.1,10289,163860
https://image.withstatic.com/371/242/92/141062dc7704452fae0c8e1685e4457c.jpg?width=792&height=480&format=webp,정동진 썬크루즈호텔,9.1,10289,176000
https://image.withstatic.com/property/2025/11/28/1d/1d12da14d6744e308769c29186821a81.jpg?width=792&height=480&format=webp,강릉 로맨스 인 강문,9.8,10289,146800
https://image.withstatic.com/346/181/51/1e570c0be0c349eaa5e1608fd42c5452.jpg?width=792&height=480&format=webp,★당일특가★ SL 호텔 강릉,9.1,10289,65736
https://image.withstatic.com/476/402/460/a2cb4f989823416ba34326b7f098ead2.jpg?width=792&height=480&format=webp,라카이 샌드파인,9.3,10289,150000
https://image.withstatic.com/290/463/395/18dd1926d49749ec81178dbb40438637.jpg?width=792&height=480&format=webp,강릉 더원펜션,9.8,10289,92000
https://image.withstatic.com/198/92/33/d90d57ab51a547f8b48ec81b79f9d304.jpg?width=792&height=480&format=webp,★당일특가★ 호텔 탑스텐,9.2,10289,155925
https://image.withstatic.com/424/169/214/d23303d0a6db46f99aad82172906a59e.jpg?width=792&height=480&format=webp,강릉 경포 오션힐펜션,9.8,10289,184000
https://image.withstatic.com/241/309/298/f2db3efa50384e9e812b9ae1a9ab6862.jpg?width=792&height=480&format=webp,강릉 브라운도트-강릉역점,9.8,10289,22500
https://image.withstatic.com/226/288/180/820ce04f02d2484dba34a6ded130e8d8.jpg?width=792&height=480&format=webp,호텔 하운드 강릉경포,9.6,10289,122760
https://image.withstatic.com/437/412/303/9e3cbeb99fa343fd8dbfffc096731359.jpg?width=792&height=480&format=webp,강릉 넘버25-강릉역점,9.8,10289,50500
https://image.withstatic.com/290/257/472/da89b49b535844819189255ce8b4a1c0.jpg?width=792&height=480&format=webp,강릉 더강릉오션스테이,9.7,10289,127000
https://image.withstatic.com/property/2025/08/13/79/79e3f8fa97644e5da8f9a5550107d06b.jpeg?width=792&height=480&format=webp,경포대 라자 스테이션,9.8,10289,45500
https://image.withstatic.com/333/328/339/44fff955ace54584a4e41ba477f3f5ad.jpg?width=792&height=480&format=webp,강릉 더스테이 은파,9.8,10289,127000
https://image.withstatic.com/313/180/34/4752a2a10c51421d850d1da74606ebca.jpg?width=792&height=480&format=webp,강릉 블리스 가족펜션,9.4,10289,65500
https://image.withstatic.com/160/21/499/bde5132002584a45b03e54211ac74e6f.jpg?width=792&height=480&format=webp,강릉 경포디슬로펜션,9.9,10289,80863
https://image.withstatic.com/property/2025/10/23/c6/c6ad711a675046978215d59587f1042c.jpeg?width=792&height=480&format=webp,경포대 에이제이 호텔,8.8,10289,29500
https://image.withstatic.com/268/339/67/1f1a4ea8adc3458398e25907caf36b1c.jpg?width=792&height=480&format=webp,강릉 쏠하우스 펜션,9.5,10289,91550
https://image.withstatic.com/321/413/293/3ee1535a1bfd4e1a859a880fadd178a7.jpg?width=792&height=480&format=webp,강릉 호텔 보름,9.7,10289,40500
https://image.withstatic.com/452/225/236/d7219af461cc4959b7b79c9a7818f2c9.png?width=792&height=480&format=webp,강릉 파인아트라벨,9.1,10289,109000
https://image.withstatic.com/87/377/151/2d516a2c5ef2456aaab3f57341b311ac.jpg?width=792&height=480&format=webp,경포대 호텔 주노,9.4,10289,65500
https://image.withstatic.com/378/270/18/b93ea032c0984022afc11c7c1166eea2.jpg?width=792&height=480&format=webp,강릉 더뷰스파펜션,9.8,10289,169000
https://image.withstatic.com/497/193/40/c4bd1e2513d646399fdb7e1f2dbd5a8e.jpg?width=792&height=480&format=webp,경포대 파라다이스,9.2,10289,30500
https://image.withstatic.com/101/323/354/1472fa5570d24383ae1dd2a5d0f67607.jpg?width=792&height=480&format=webp,강릉관광호텔,9.3,10289,102600
https://image.withstatic.com/461/453/244/89b1ee99ea4a4e2582d3e7522c002504.jpg?width=792&height=480&format=webp,강릉 까사드마르,9.9,10289,169000
https://image.withstatic.com/property/2025/11/25/9f/9f21670abf4b411dbd54d9ff3dc73816.jpg?width=792&height=480&format=webp,하이오션 경포,9.3,10289,67284
https://image.withstatic.com/256/56/145/d3319f781289456db939066053c55bb5.jpg?width=792&height=480&format=webp,강릉 루이스 LOUIS 호텔,9.6,10289,30000
https://image.withstatic.com/28/358/485/502855dddce04dc6b8b665f0021e4dc8.jpg?width=792&height=480&format=webp,강릉 스테이휴,9.8,10289,139000
https://image.withstatic.com/150/126/6/bf3c62f60a51422fac568f98b22fb717.jpeg?width=792&height=480&format=webp,경포대 호텔 더 원-THE ONE,9.7,10289,72000
https://image.withstatic.com/348/439/101/9f79f2ddb6864a57846f44c7322aba7c.jpg?width=792&height=480&format=webp,강릉 르샤트리,9.6,10289,64600
https://image.withstatic.com/347/186/141/ea0e228c8bd34596b8227c1e8c792168.jpg?width=792&height=480&format=webp,강릉 라벨르 호텔 프리미어,9.8,10289,30000
https://image.withstatic.com/313/305/479/13086cca5b5848eea7574abfe0874974.jpg?width=792&height=480&format=webp,강릉 라미아까사 풀빌라,9.6,10289,113100
https://image.withstatic.com/133/498/136/73ab5bca2dd446ab8ede4be0d4543a8a.jpg?width=792&height=480&format=webp,강릉 에이치에비뉴-강릉역점,9.6,10289,30000
https://image.withstatic.com/property/2025/08/27/74/74b7f89f199449fd90ea16ab30808f0b.jpg?width=792&height=480&format=webp,강릉 언제나소돌펜션,9.8,10289,140000
https://image.withstatic.com/146/478/286/c7cc2bcf3669452fbec51f854a1bac82.jpg?width=792&height=480&format=webp,강릉 라클라우드펜션,9.5,10289,87100
https://image.withstatic.com/221/431/75/4be71539fef04a5398abc434b937f379.jpg?width=792&height=480&format=webp,HOTEL 여기어때 - 경포,9.5,10289,63500
https://image.withstatic.com/132/278/331/548fafb4b62f48828f9fe00ccfdc985b.jpg?width=792&height=480&format=webp,경포대 WYNN-윈,8.7,10289,45500
https://image.withstatic.com/498/272/356/01bcab12e40648b8bd057876d098f9ed.jpg?width=792&height=480&format=webp,강릉 G7 스파펜션,9.5,10289,96700
https://image.withstatic.com/268/282/467/0dd554740c79467f813d584e5c43829a.jpg?width=792&height=480&format=webp,강릉 스테이수안,9.8,10289,157170
https://image.withstatic.com/486/116/224/698976c6bd7443d0aca073f12684885b.jpg?width=792&height=480&format=webp,강릉 강릉스테이-STAY,9.5,10289,47500
https://image.withstatic.com/67/107/412/322d26a7dac842cc9c1008dd8d24e5ce.jpg?width=792&height=480&format=webp,강릉 스카리아풀빌라,9.7,10289,166563
https://image.withstatic.com/147/139/7/7f4d23f75bf540cc8576e0fef8830236.jpg?width=792&height=480&format=webp,경포대 이룸펜텔,9.2,10289,35000
https://image.withstatic.com/228/364/257/f1bb3f48e6f843348c3e574f34b103f7.jpg?width=792&height=480&format=webp,강릉 휴가펜션,9.3,10289,43900
https://image.withstatic.com/366/425/38/6f4b3e2b45904f1aa6e0d72eb29fea76.jpg?width=792&height=480&format=webp,강릉 호텔 야자 YAJA-강릉역점,9.8,10289,50500
https://image.withstatic.com/29/257/152/66c4a905454f4ee181a9880b1c1449e4.jpg?width=792&height=480&format=webp,경포 에메랄드 호텔,9.0,10289,60000
https://image.withstatic.com/273/257/20/a9930a2e8d1841b9a9a92a743dc8e52a.jpeg?width=792&height=480&format=webp,강릉 SM호텔,9.3,10289,0
https://image.withstatic.com/property/2025/08/07/d3/d38b325c92c04ae78ef0fdcd6743c90f.jpg?width=792&height=480&format=webp,호텔 솔라뷰,8.9,10289,95000
https://image.withstatic.com/105/280/381/f0db08d540d04024875c72b0834e643f.jpg?width=792&height=480&format=webp,강릉 뮤튼롤,9.5,10289,130660
https://image.withstatic.com/450/21/139/99cfe6ab800f4d09a79d5117244c90ab.jpg?width=792&height=480&format=webp,강릉 파인시티호텔,9.4,10289,45000
https://image.withstatic.com/65/417/323/944396c543fe44b18d9c86fd99472b67.jpg?width=792&height=480&format=webp,강릉 S202 펜션,9.4,10289,150000
https://image.withstatic.com/266/194/53/dacb86f2e9734522ae5de48bb42ef63d.jpg?width=792&height=480&format=webp,강릉 아라스파펜션,8.9,10289,53100
https://image.withstatic.com/property/2025/08/18/d0/d031c794ac99402b8e96f7c49c2896cd.JPG?width=792&height=480&format=webp,경포대 호텔 아리아,9.7,10289,45000
https://image.withstatic.com/225/463/389/1ce8f7ea864a4e9c98f4865bcf291a7e.jpg?width=792&height=480&format=webp,경포대 그랑블루,9.0,10289,30500
https://image.withstatic.com/65/302/130/5916b6ce85124f0fa5d2eb41182239a2.jpg?width=792&height=480&format=webp,강릉 피크닉,9.5,10289,20000
https://image.withstatic.com/190/405/351/7024cad629dc4fe1b7c7cd74dc231604.jpg?width=792&height=480&format=webp,경포대 호텔큐브,8.6,10289,75000
https://image.withstatic.com/472/394/306/28cba1a852384756bb7f1cf8f32fc867.jpg?width=792&height=480&format=webp,강릉 라포엠펜션,9.8,10289,146800
https://image.withstatic.com/379/209/156/f69e3f5c519f4e5a9c7b2ccb954046a4.jpg?width=792&height=480&format=webp,경포대 브라운도트 호텔,9.7,10289,117000
https://image.withstatic.com/39/282/461/0e403e933bcf4de69ee4052120ae2ea7.jpg?width=792&height=480&format=webp,경포대 라벨르 호텔-La belle,9.8,10289,30000
https://image.withstatic.com/137/5/18/ec25b35a68574a118db3cef9e522089c.jpg?width=792&height=480&format=webp,강릉 HOTEL 더샾,9.5,10289,35000
https://image.withstatic.com/229/317/413/096f7acae10e49fa8037330bb50ed3f3.jpg?width=792&height=480&format=webp,강릉 스테이큐나인,9.5,10289,109000
https://image.withstatic.com/property/2025/10/14/f5/f5526b10abca49cf8c113902a585ab0f.jpg?width=792&height=480&format=webp,노바스테이 강릉,9.8,10289,88900
https://image.withstatic.com/320/426/55/a85e1b3ded874666bd80a09d2ad30850.jpg?width=792&height=480&format=webp,강릉 위드 호텔,9.5,10289,45000
https://image.withstatic.com/property/2025/08/29/7f/7f5e66294c3a42d19a89ea2197d16381.jpg?width=792&height=480&format=webp,강릉 cn6 스파 풀빌라 펜션,9.8,10289,156860
https://image.withstatic.com/229/89/173/abec86aadcdb4afe82c3ff25929abb46.jpg?width=792&height=480&format=webp,강릉 스테이구구,9.4,10289,60100
https://image.withstatic.com/property/2025/11/28/3b/3b496f6bdc7242a8a283ea8b2b38d8be.jpg?width=792&height=480&format=webp,브라운도트 강릉교동점,9.8,10289,101000
https://image.withstatic.com/property/2025/10/21/a3/a3f381d0f23f4e308171708ef6035822.jpg?width=792&height=480&format=webp,강릉 그란데마레풀빌라,9.9,10289,115100
https://image.withstatic.com/361/172/231/a00527455c694814b6a0b9ce4af73acd.jpg?width=792&height=480&format=webp,강릉 리치문 펜션,9.4,10289,182000
https://image.withstatic.com/214/361/328/336dc73b5f86479a99bf048e17600b44.jpg?width=792&height=480&format=webp,강릉씨티호텔,9.4,10289,129010
https://image.withstatic.com/133/177/259/5a3f1f49942b49558e744cf0792359b8.jpg?width=792&height=480&format=webp,강릉 테레인바이더블류스파펜션,9.5,10289,64800
https://image.withstatic.com/89/130/466/370d0599cb7c4c2b9b1d12a45bf2b4e6.jpg?width=792&height=480&format=webp,경포대 에이치에비뉴 호텔,9.3,10289,80000
https://image.withstatic.com/393/21/106/c38c4d7eacda4bfe8b8abea1aa2f5c8a.jpg?width=792&height=480&format=webp,강릉 W스파펜션,9.9,10289,70090
https://image.withstatic.com/74/493/290/a94f67df54ab4cdab66133dc75e2e44d.jpg?width=792&height=480&format=webp,강릉 더강문 풀빌라&스파,9.7,10289,116100
https://image.withstatic.com/33/393/127/d6143fe1f4a6454e8cf307083d7c698f.jpg?width=792&height=480&format=webp,강릉 스테이경포55,9.7,10289,71100
https://image.withstatic.com/301/397/129/be9ef81a55c248d1a576a3fa12757c73.jpg?width=792&height=480&format=webp,강릉 M스파펜션,9.9,10289,70090
https://image.withstatic.com/207/62/354/84748de7560843b287fcc63379f2b86a.jpg?width=792&height=480&format=webp,강릉 AGABARA 아가바라,9.3,10289,39000
https://image.withstatic.com/property/2025/09/09/e0/e0262460564b42b0bcc5091c8a82c750.jpg?width=792&height=480&format=webp,강릉 호텔 인,10.0,10289,35000
https://image.withstatic.com/379/304/489/22037decdac7428d89cd1f287baa41b5.jpg?width=792&height=480&format=webp,경포 호텔이코노미,9.8,10289,0
**이미지 없음,강릉 호텔 루소 HOTEL RUSSO,9.5,10289,55500
https://image.withstatic.com/279/346/106/9ecdc5ec6c494922b08d7c005e1b63a1.jpg?width=792&height=480&format=webp,강릉 몽블랑,9.3,10289,27500
https://image.withstatic.com/349/389/364/153b5c5535da462ab9862b9b09504fc1.jpg?width=792&height=480&format=webp,강릉 스테이195 사천,10.0,10289,193000
https://image.withstatic.com/27/409/372/2143e703fde44ff5b3a1d354d340246a.jpg?width=792&height=480&format=webp,강릉 크리스탈,9.6,10289,35500
https://image.withstatic.com/property/2025/07/29/a4/a4938dff31e64bb99bdb69001494dde6.jpg?width=792&height=480&format=webp,강릉 브라운도트 교동점,9.9,10289,86000
**이미지 없음,강릉 오릿,10.0,10289,185060
**이미지 없음,강릉J9 스파펜션,9.9,10289,102320
**이미지 없음,강릉 웨이블루스파펜션,9.9,10289,87100
https://image.withstatic.com/408/347/306/65d241dd50c0498c8080f625051f8447.jpg?width=792&height=480&format=webp,강릉 센트럴,9.4,10289,35500
https://image.withstatic.com/292/363/496/a3c93030d6c540478af825fa57b06459.jpg?width=792&height=480&format=webp,강릉 하파펜션,9.9,10289,174691
https://image.withstatic.com/property/2025/11/11/c1/c1506bb1d4814eb3a16e62baa535ec43.jpg?width=792&height=480&format=webp,강릉 베이스캠프 카라반&글램핑,8.5,10289,80000
https://image.withstatic.com/property/2025/08/21/5d/5d34a630bc064697a757990382b37223.jpg?width=792&height=480&format=webp,강릉 다케노모리글램핑&료칸,10.0,10289,139500
**이미지 없음,올림피아 호텔,8.7,10289,50000
**이미지 없음,강릉 단잠,9.5,10289,97000
https://image.withstatic.com/102/443/189/bdfebf0be142468cace389c95bfa8a4a.jpg?width=792&height=480&format=webp,경포대 오션호텔,9.3,10289,30000
https://image.withstatic.com/17/52/164/f8369b4acd3a44c4acd4079c31041a50.jpg?width=792&height=480&format=webp,강릉 나인,9.0,10289,30500
https://image.withstatic.com/158/337/212/29e0695b5f584aa99be520604024fcf7.jpg?width=792&height=480&format=webp,강릉 휴식료칸풀빌라,9.2,10289,126000
https://image.withstatic.com/188/346/416/01caff641f864216af53cde84414ce8b.jpg?width=792&height=480&format=webp,강릉 오엔스테이,9.9,10289,132525
https://image.withstatic.com/450/295/143/a24612b2b2d54e37967a1092b043d57c.jpg?width=792&height=480&format=webp,강릉 더퍼스트 펜션,9.6,10289,153533
**이미지 없음,강릉 라피네 드라이브인 호텔,9.5,10289,49000
**이미지 없음,경포대 호텔 스완,8.2,10289,35500
https://image.withstatic.com/property/2025/10/23/c6/c6237dcef0b94294bcd82ffbced96367.jpg?width=792&height=480&format=webp,강릉 sea멍s애견펜션,10.0,10289,55269
https://image.withstatic.com/property/2025/11/19/fe/fe8ccce616aa4495af7ea7fc89a09d39.jpg?width=792&height=480&format=webp,강릉 댕댕이 애견 펜션 블루,9.6,10289,120700
https://image.withstatic.com/property/2025/11/17/a6/a6841ba77cda484088c3d86480ef7f25.jpg?width=792&height=480&format=webp,강릉 리벤티아 풀빌라,9.8,10289,147000
**이미지 없음,강릉 숨어있는집,9.6,10289,44100
**이미지 없음,더 홍씨호텔 강릉,9.5,10289,77000
**이미지 없음,강릉 경포의휴일펜션,9.5,10289,49300
**이미지 없음,경포대 빅토리아,9.1,10289,25000
https://image.withstatic.com/125/117/339/04bf2e4a8f4c46ee843541709ebc6979.jpg?width=792&height=480&format=webp,정동진 정동진 모텔,8.5,10289,25500
https://image.withstatic.com/110/49/406/796bc2b669134df18a80b6cc04829518.jpg?width=792&height=480&format=webp,강릉 주문진 M9펜션,9.3,10289,64500
https://image.withstatic.com/301/267/107/e7ff34ea3a07404c9e8644f4600cad09.jpg?width=792&height=480&format=webp,주문진 메모리호텔,9.4,10289,60000
**이미지 없음,강릉 음악시간스파펜션,9.4,10289,73470
**이미지 없음,강릉 로커스텔,9.6,10289,0
**이미지 없음,강릉 J블럭,9.5,10289,35000
https://image.withstatic.com/143/334/333/71e1d573c38848af859de29c5de9fe0e.jpg?width=792&height=480&format=webp,강릉 엘,9.0,10289,35500
https://image.withstatic.com/286/251/440/fb9b2bef100a4b7caa5c46fdc40075c7.jpg?width=792&height=480&format=webp,강릉 스테이어스펜션,9.9,10289,82863
https://image.withstatic.com/337/337/73/1165f8bec4f0425e9d3d0c2ccbba9435.jpg?width=792&height=480&format=webp,주문진 루시아호텔,9.4,10289,66000
https://image.withstatic.com/property/2025/09/17/1d/1d7b73e6c69e45688531ec5e26ca1499.jpg?width=792&height=480&format=webp,강릉 알고보니호텔&풀빌라,9.3,10289,80100
https://image.withstatic.com/344/110/66/acc071ad10934b5f9c7aee3e669f06c1.jpg?width=792&height=480&format=webp,강릉 미술시간 풀빌라&스파,9.7,10289,128000
**이미지 없음,강릉 H9스파펜션,9.4,10289,81000
**이미지 없음,강릉 위펜션,9.8,10289,108000
**이미지 없음,강릉 좋은곳풀빌라,9.8,10289,87100
**이미지 없음,강릉 경포대 라메르호텔,9.0,10289,50000
**이미지 없음,"강릉 오롯한, 사천진",10.0,10289,103920
**이미지 없음,강릉 K,9.3,10289,0
**이미지 없음,강릉 해안로1973펜션,9.9,10289,55460
https://image.withstatic.com/297/92/193/45a474cade984bf8a240063a1d493541.jpg?width=792&height=480&format=webp,강릉 그레이호텔,9.2,10289,129000
https://image.withstatic.com/436/465/481/407406c044d34c9ab4b1cb10b7997eba.jpg?width=792&height=480&format=webp,강릉 경포파인펜션,9.6,10289,40000
https://image.withstatic.com/92/135/342/779a57f0e8014b238b0d482f749bc8ca.jpg?width=792&height=480&format=webp,강릉 열무맨션,9.5,10289,83700
https://image.withstatic.com/410/28/82/6f6bc1c2e2d04184b051fc618c16a5d2.jpg?width=792&height=480&format=webp,강릉 민트클라우드펜션,9.3,10289,41458
**이미지 없음,강릉 니시스파 펜션,8.8,10289,42100
**이미지 없음,강릉 블랑비치 펜션,9.8,10289,136059
https://image.withstatic.com/property/2025/10/29/c3/c3bb54cc3fd342348bb8d139eb5cd7d1.jpg?width=792&height=480&format=webp,강릉 솔빛,9.8,10289,40000
https://image.withstatic.com/289/64/361/e34d2f61fbcc4ca09d648725deb5dcfb.jpg?width=792&height=480&format=webp,강릉 레이벨류 스파펜션,9.7,10289,137000
https://image.withstatic.com/466/227/97/465a349213de47dcae7af2a82c39631f.jpg?width=792&height=480&format=webp,경포대 호텔 랑,8.4,10289,30000
https://image.withstatic.com/118/199/278/2751946bc23b4c2781ae6c5e659f119e.jpg?width=792&height=480&format=webp,경포대 Y&G,9.4,10289,30000
**이미지 없음,씨마크 호텔,9.5,10289,0
**이미지 없음,강릉 썸,8.2,10289,0
https://image.withstatic.com/317/124/152/644e1f3ebc414f9dbf3d2a3d89c4ba1b.jpg?width=792&height=480&format=webp,강릉 투데이경포 오션뷰펜션,9.9,10289,89100
https://image.withstatic.com/property/2025/07/29/5a/5adc536756aa48038e0eb02774d239fa.jpg?width=792&height=480&format=webp,강릉 니나랑 스파 펜션,9.6,10289,117000
https://image.withstatic.com/181/457/300/2a12174141264795b8d5a9fd69988899.jpg?width=792&height=480&format=webp,강릉 밀라노 펜션,9.5,10289,73000
https://image.withstatic.com/property/2025/10/24/c8/c8658f5dc9db4b7f9e3060a36c077951.jpg?width=792&height=480&format=webp,강릉 연인들의사랑이야기펜션,9.8,10289,0
**이미지 없음,강릉 퀴스테 스파&풀빌라 펜션,9.8,10289,106596
**이미지 없음,강릉 미라벨펜션,10.0,10289,129000
**이미지 없음,경포대 MGM호텔,9.5,10289,62000
**이미지 없음,강릉 더이스트펜션,9.4,10289,49383
**이미지 없음,경포대 강릉 모텔,8.5,10289,30000
**이미지 없음,강릉 기억스테이,9.9,10289,115200
**이미지 없음,경포대 아테네 호텔,9.0,10289,35000
**이미지 없음,강릉 캣츠,9.0,10289,0
https://image.withstatic.com/property/2025/07/07/7d/7deaecfc75e542db81ccdb0223e119c8.jpg?width=792&height=480&format=webp,강릉 바다의별 애견동반 펜션,9.6,10289,71252
https://image.withstatic.com/241/209/438/99c19765851849b5a8a0d9244d6bc433.jpg?width=792&height=480&format=webp,강릉 강문스테이,9.7,10289,58500
https://image.withstatic.com/415/49/284/670d8a27f1c64171bf35b22e1e04e9c1.jpeg?width=792&height=480&format=webp,강릉 호텔몽,9.4,10289,60000
https://image.withstatic.com/property/2025/11/19/09/09b44a2321f240e596d3fbdefa7fcc80.jpg?width=792&height=480&format=webp,강릉 더영진풀빌라펜션,9.9,10289,116100
**이미지 없음,호텔여기어때 강릉경포점,9.3,10289,79000
**이미지 없음,강릉 ST153,9.8,10289,89100
**이미지 없음,강릉 KN하우스,9.8,10289,143500
**이미지 없음,메이플비치 리조트,9.5,10289,106000
**이미지 없음,강릉 넘버25펜션,9.4,10289,38400
**이미지 없음,강릉 서정캠프카라반,9.8,10289,129000
**이미지 없음,강릉 산타비치펜션,8.9,10289,55753
**이미지 없음,강릉 발리,9.5,10289,0
https://image.withstatic.com/495/225/175/509b90537b61454ab40daeb21c73a6ca.jpg?width=792&height=480&format=webp,경포대 넘버25,9.2,10289,30000
https://image.withstatic.com/235/275/293/fcef78275b194507ab6eb048c9fe3893.jpg?width=792&height=480&format=webp,정동진 라벤더,9.1,10289,50000
**이미지 없음,강릉 탑 스파 펜션,9.4,10289,64800
**이미지 없음,강릉 힐링하우스펜션,9.8,10289,57100
**이미지 없음,강릉 좋은날풀빌라,9.9,10289,87100
**이미지 없음,솔향강릉카라반캠핑장,9.3,10289,65286
https://image.withstatic.com/422/131/50/ba0c3dc29df54f8ca14d79c6d38b7574.jpg?width=792&height=480&format=webp,강릉 풀빌라쏠,9.8,10289,159030
https://image.withstatic.com/property/2025/07/14/0e/0ef749ea5c0344c6b2bedad517a33283.jpg?width=792&height=480&format=webp,스테이 리베라 강릉역점,9.2,10289,55000
https://image.withstatic.com/property/2025/08/14/da/dada66f221664034a5cdf71b9854a4b3.jpg?width=792&height=480&format=webp,강릉 하룻밤,9.1,10289,100000
https://image.withstatic.com/76/405/137/e0a343506858420e959888b85b0a3af3.jpg?width=792&height=480&format=webp,강릉 스테이123,9.9,10289,120000
**이미지 없음,강릉 까사클라라펜션,9.9,10289,129000
**이미지 없음,강릉 아늑한공간펜션,9.8,10289,132050
**이미지 없음,강릉 포시즌 호텔,7.8,10289,49000
https://image.withstatic.com/484/41/168/7e083234345c4555be6b5d87eba0a7d2.jpg?width=792&height=480&format=webp,강릉 스테이올라,9.8,10289,143040
https://image.withstatic.com/10/50/273/bc82f5b692b54312b9d68b27805a92c3.jpg?width=792&height=480&format=webp,강릉 영진을담다,9.8,10289,85000
https://image.withstatic.com/274/480/25/5b882ee6d835475d9f295a26e2a586d7.jpg?width=792&height=480&format=webp,강릉 레이지베어,10.0,10289,0
https://image.withstatic.com/5/432/6/add1ec71fb2d44f88fce08db5ed2026a.jpg?width=792&height=480&format=webp,강릉 어뮤즈스파펜션,9.9,10289,138600
**이미지 없음,강릉 퍼피애견풀빌라,10.0,10289,0
**이미지 없음,강릉 라끄베르 펜션,9.7,10289,45000
**이미지 없음,강릉 료칸스테이,9.8,10289,30000
**이미지 없음,강릉 스테이서정 펜션,9.7,10289,69000
**이미지 없음,강릉 해와달,9.2,10289,40000
**이미지 없음,강릉 다비앙스파펜션,9.5,10289,56070
**이미지 없음,강릉 경포대 별장,9.6,10289,60000
**이미지 없음,강릉 경포대 로하스 오션뷰 가족 펜션,9.4,10289,149000
**이미지 없음,주문진 위너스 호텔,8.8,10289,100000
https://image.withstatic.com/49/259/482/f53b28e5c10a4e57923a6ce9072b62ca.jpg?width=792&height=480&format=webp,강릉 상상초당 펜션,9.8,10289,0
https://image.withstatic.com/68/234/111/4280cee88d7949a28a48cd3c7693e315.jpg?width=792&height=480&format=webp,주문진 홍모텔,9.9,10289,0
https://image.withstatic.com/342/419/291/ea0a7ff25e904847ab0554317773d47e.jpg?width=792&height=480&format=webp,강릉 경포해모로 펜션,9.9,10289,0
https://image.withstatic.com/property/2025/10/28/7d/7d3031171bd54246b9d3836ec1d60f65.jpg?width=792&height=480&format=webp,강릉 감성스테이 강릉채,10.0,10289,0
**이미지 없음,강릉 감성숙소 달빛강릉,9.8,10289,115500
**이미지 없음,강릉 페리아902 애견동반 펜션,9.1,10289,109000
**이미지 없음,강릉 란트루헤,9.7,10289,0
**이미지 없음,강릉 헤이펜션,10.0,10289,109000
**이미지 없음,강릉 루루펜션,9.8,10289,75000
**이미지 없음,정동진 바다부채길,8.3,10289,30000
**이미지 없음,강릉 HOTEL Vv,9.5,10289,60000
**이미지 없음,강릉 경포몽애견펜션,9.8,10289,79000
**이미지 없음,강릉 나이스,9.5,10289,0
**이미지 없음,강릉 하이영진펜션,8.9,10289,142870
**이미지 없음,강릉 경포감자꽃펜션,9.8,10289,67200
**이미지 없음,강릉 인터파크,8.8,10289,55000
**이미지 없음,강릉 욜로 오션뷰 스파 펜션,9.5,10289,79000
**이미지 없음,강릉 카루89펜션,9.6,10289,79000
**이미지 없음,강릉 오션뷰부이풀빌라,9.9,10289,139000
https://image.withstatic.com/200/37/101/473e912d40b64121a722299fd1551fe0.jpg?width=792&height=480&format=webp,베니키아호텔 산과바다 주문진,8.5,10289,79000
https://image.withstatic.com/property/2025/08/28/1d/1d80ac540e2141f6beeeab1a73dbbed8.jpg?width=792&height=480&format=webp,강릉 페리아902 키즈 가족 스파 펜션,9.7,10289,119000
https://image.withstatic.com/397/353/96/3b2ad4a9300840099bbd7bc286f4e6bd.jpg?width=792&height=480&format=webp,강릉 쇼콜라펜션,9.6,10289,78100
**이미지 없음,강릉 바다솔펜션,10.0,10289,129000
**이미지 없음,강릉 더씨엘 스파 펜션,9.0,10289,108800
**이미지 없음,강릉 더뷰티 호텔,9.5,10289,67000
**이미지 없음,강릉 펜션바우,9.7,10289,153600
**이미지 없음,강릉 부티크소공펜션,10.0,10289,185070
**이미지 없음,강릉 해람채 펜션,9.8,10289,83500
**이미지 없음,강릉 어울림펜션,9.4,10289,51100
**이미지 없음,강릉 스테이다시올게 풀빌라 펜션,9.7,10289,108800
**이미지 없음,강릉 로제&엔로즈펜션,9.0,10289,55600
**이미지 없음,강릉 파인힐애견펜션,9.8,10289,90000
**이미지 없음,강릉 스테이강릉,9.6,10289,180000
**이미지 없음,강릉 메르뷰스파펜션,9.2,10289,59000
https://image.withstatic.com/90/330/275/88f788c22ece4ebb90336485bf774c1b.jpg?width=792&height=480&format=webp,강릉 소돌23풀빌라,9.8,10289,169000
https://image.withstatic.com/122/309/16/58f906cb656a4221895d8ab14bd8429b.jpg?width=792&height=480&format=webp,강릉 글래드 펜션,9.9,10289,54900
https://image.withstatic.com/property/2025/07/08/5b/5b22ce9bf1cc4c64a0ec4ee430d9c09b.jpg?width=792&height=480&format=webp,강릉 경포블루비치펜션,8.9,10289,44100
https://image.withstatic.com/361/178/116/5d310afeb6c840f682ae92b1b99db15f.jpg?width=792&height=480&format=webp,강릉 시드니,8.9,10289,50000
**이미지 없음,강릉SS펜션,9.9,10289,90000
**이미지 없음,강릉 워너비무인텔,9.5,10289,50000
**이미지 없음,강릉 한적한휴식펜션,9.9,10289,94640
**이미지 없음,강릉 망상비치호텔,9.6,10289,45000
**이미지 없음,강릉 아썸펜션,9.8,10289,130700
**이미지 없음,강릉 경포엔펜션,10.0,10289,80000
**이미지 없음,강릉 스테이쇼드펜션,9.7,10289,131700
**이미지 없음,강릉 라라,9.1,10289,0
**이미지 없음,강릉 지아니펜션,9.9,10289,114240
**이미지 없음,강릉 끄레소스테이 풀빌라 스파 펜션,9.6,10289,108800
**이미지 없음,강릉 예담 오션뷰 바닷가 펜션,9.5,10289,75800
**이미지 없음,강릉 스테이안다미로 독채 스파 펜션,10.0,10289,0
https://image.withstatic.com/472/355/308/06eb97cdd8b347f39d2766dd52889ff6.jpg?width=792&height=480&format=webp,강릉 호텔 봄봄,9.4,10289,95000
https://image.withstatic.com/144/79/88/e79a5a94dd9345e786390c52996d6c7a.jpg?width=792&height=480&format=webp,강릉 깨비네집 펜션,10.0,10289,148708
https://image.withstatic.com/385/132/240/43b1f95582904c7dbb87639ff5643c7b.jpg?width=792&height=480&format=webp,강릉 포그니애견동반독채펜션,9.8,10289,133440
https://image.withstatic.com/273/383/406/3c1926eae0524997979f013e9e4f8bfb.jpg?width=792&height=480&format=webp,강릉 경포대 S9 바닷가 가족 스파 펜션,9.9,10289,99000
https://image.withstatic.com/172/155/453/b28737e895494ecc9e551a483d4e30f8.jpg?width=792&height=480&format=webp,루이스 호텔 강릉,9.2,10289,55000
https://image.withstatic.com/390/181/0/fced563216154b6a9c49de4f4090fefc.jpg?width=792&height=480&format=webp,강릉 스테이소솜,9.9,10289,150000
**이미지 없음,강릉 스테이195경포,9.9,10289,160200
**이미지 없음,강릉 하하스테이 독채키즈풀빌라,9.8,10289,0
**이미지 없음,경포대 드림모텔,9.5,10289,45000
**이미지 없음,강릉 쉬어가는집,9.4,10289,191439
**이미지 없음,강릉 바다보기 펜션,8.5,10289,106000
**이미지 없음,강릉 씨클라우드카라반펜션,9.6,10289,41850
**이미지 없음,강릉 솔올펜션,10.0,10289,0
**이미지 없음,강릉 경포 라끄블랑 펜션,9.7,10289,75800
**이미지 없음,강릉 블루스테이,9.7,10289,164800
https://image.withstatic.com/65/12/203/700fe0391f294a049867477134679abe.jpg?width=792&height=480&format=webp,강릉 디아레나펜션,10.0,10289,119000
https://image.withstatic.com/property/2025/11/18/e0/e0345b1b6fc545a2922c01b903c91610.jpg?width=792&height=480&format=webp,강릉 게스트하우스 중앙점,9.3,10289,25000
https://image.withstatic.com/201/183/28/33eff1b95593450384c6ac7e16bd8dbd.jpg?width=792&height=480&format=webp,강릉 올래앤다올 스파펜션,9.4,10289,119700
https://image.withstatic.com/property/2025/08/06/47/474461503c68479d828a7267af62e4ac.jpg?width=792&height=480&format=webp,강릉 오션그레이트펜션,9.0,10289,86400
**이미지 없음,주문진 발리모텔,9.0,10289,0
https://image.withstatic.com/270/427/2/9ab5892f530246b3a04e4d185bd673c0.jpg?width=792&height=480&format=webp,경포대 산토리니,8.8,10289,37000
https://image.withstatic.com/252/489/107/59388514d42b4bfab041509d268cb124.jpg?width=792&height=480&format=webp,강릉 브릭포레스트,9.8,10289,150000
https://image.withstatic.com/property/2025/10/14/5e/5e22a6f3a48041c798041579293a5461.jpg?width=792&height=480&format=webp,강릉 아카펠라게스트하우스,9.9,10289,30000
**이미지 없음,주문진 신리,9.1,10289,40000
**이미지 없음,강릉 돌고래스파펜션,9.8,10289,130000
**이미지 없음,정동진 호텔 탑스빌,8.8,10289,58000
**이미지 없음,강릉 산호 펜션,8.9,10289,69000
**이미지 없음,경포대 더호텔비즈니스,9.1,10289,40000
**이미지 없음,경포대 씨윈드,8.9,10289,27000
**이미지 없음,강릉 The 안녕스테이 풀빌라,10.0,10289,0
https://image.withstatic.com/property/2025/07/02/44/440741adf58f47d4a2a45337651e531b.jpg?width=792&height=480&format=webp,강릉 115풀빌라,9.9,10289,0
https://image.withstatic.com/215/161/89/a4029ca716844581937ee28ed4aad2da.jpg?width=792&height=480&format=webp,정동진 탑스빌,8.7,10289,25000
https://image.withstatic.com/117/361/57/868b6221cbb1467e9c8b02fe2d690c19.jpg?width=792&height=480&format=webp,강릉 에이스,8.0,10289,0
https://image.withstatic.com/property/2025/06/30/2c/2cf9eca65619413eb663ecce80015782.jpg?width=792&height=480&format=webp,강릉 파라다이스펜션,9.7,10289,59000
**이미지 없음,강릉 라온 펜션,10.0,10289,81498
**이미지 없음,정동진 휘닉스,9.1,10289,0
**이미지 없음,강릉 한빛스테이,8.9,10289,47040
https://image.withstatic.com/137/362/16/75affb45693541f6aa0b941276e07697.jpg?width=792&height=480&format=webp,강릉 누리마루펜션,9.9,10289,100000
https://image.withstatic.com/50/473/212/bc05055bb34b4c75bc3fdd80685d7eb5.jpg?width=792&height=480&format=webp,강릉 테라176펜션,9.8,10289,0
**이미지 없음,피어86스파펜션,8.7,10289,59000
**이미지 없음,강릉 헌화로펜션,10.0,10289,150000
**이미지 없음,강릉 아기고래 독채 풀빌라,9.8,10289,0
**이미지 없음,강릉 썸무인텔 드라이브 인,9.7,10289,50000
**이미지 없음,강릉 춘자여인숙,9.8,10289,180000
**이미지 없음,강릉 상상 스파펜션,8.7,10289,107100
https://image.withstatic.com/481/464/48/b75b817a8e544f488a9c3aae1c44f2ba.jpg?width=792&height=480&format=webp,강릉 하루펜션,9.8,10289,67940
https://image.withstatic.com/177/342/489/b53306dabc17473b88a2148fdcdef9fe.jpg?width=792&height=480&format=webp,강릉 해중공원펜션,9.8,10289,66240
https://image.withstatic.com/193/199/461/eb175fcebb36474cbfe935d81d1593ac.jpg?width=792&height=480&format=webp,먹고 쉬고 행복할수 있는 곳 | 휘게비엔씨 4인실단풍,9.9,10289,174200
https://image.withstatic.com/275/342/359/4e6dbc376e2f454ba589ac3b7b73f7a1.jpg?width=792&height=480&format=webp,삶이소풍이되는 곳 | 휘게비엔씨 2인실사철,10.0,10289,112000
**이미지 없음,강릉 오란다펜션,8.9,10289,0
**이미지 없음,강릉 더강릉 포레 펜션,9.3,10289,69400
**이미지 없음,강릉 파인시티,9.3,10289,77000
https://image.withstatic.com/23/373/257/1843912c32404f61a949eaacfe09cfdc.jpg?width=792&height=480&format=webp,강릉 컴페니언 바이 주문진,9.9,10289,0
https://image.withstatic.com/property/2025/09/16/28/28eaf45a4fab42a48ba6324293aa6b2f.jpg?width=792&height=480&format=webp,강릉 발리까미펜션A동,9.9,10289,109000
https://image.withstatic.com/483/155/309/fc846decd796443cabff91f10609cb91.jpg?width=792&height=480&format=webp,다우리조텔 정동진,8.4,10289,50000
https://image.withstatic.com/416/496/337/d1c5171499464b3dafd3517b3b25ef91.jpg?width=792&height=480&format=webp,강릉 나이아드펜션,8.4,10289,33600
**이미지 없음,강릉 호텔벗펜션,10.0,10289,0
**이미지 없음,강릉 영진우리집펜션,10.0,10289,0
**이미지 없음,강릉 더시월 독채펜션,9.8,10289,97800
**이미지 없음,강릉 리비에라,9.7,10289,0
**이미지 없음,강릉 꿈꾸는풍차 애견동반 펜션,9.4,10289,71100
**이미지 없음,강릉 더블루펜션,9.8,10289,78000
**이미지 없음,강릉 달꽃하우스,10.0,10289,139500
https://image.withstatic.com/391/19/411/8bb36a0c7c244c33a09f6f8612735284.jpg?width=792&height=480&format=webp,강릉 1012독채펜션,9.7,10289,143040
https://image.withstatic.com/74/0/21/26805db2032b40208e9fc2f631b5ce29.jpg?width=792&height=480&format=webp,강릉 S,8.7,10289,0
https://image.withstatic.com/property/2025/08/11/8f/8f36267abb8c42c7a2d57de16675d964.jpg?width=792&height=480&format=webp,강릉 썬리치펜션,10.0,10289,0
**이미지 없음,강릉 스테이에덴 펜션,9.9,10289,0
**이미지 없음,강릉 HELLO 4000펜션,9.7,10289,75840
**이미지 없음,강릉 타워,9.5,10289,0
https://image.withstatic.com/property/2025/10/10/e6/e6cf91f3d25442d5885447712f458ec6.jpg?width=792&height=480&format=webp,강릉 쉼표펜션,9.3,10289,69400
https://image.withstatic.com/405/19/279/43bc41aa05be4ad7a2d1c0705ed7e608.png?width=792&height=480&format=webp,경포대 호텔 하운드-HOUND HOTEL,9.7,10289,157000
https://image.withstatic.com/20/400/173/ace5498d2ac748508c4759a2a10abd43.jpg?width=792&height=480&format=webp,강릉 아스라,9.2,10289,0
**이미지 없음,강릉 블루마루,9.8,10289,65000
**이미지 없음,강릉 왕산골숲속펜션,10.0,10289,0
**이미지 없음,강릉 코델리아펜션,9.9,10289,0
**이미지 없음,MGM 호텔,9.0,10289,75000
**이미지 없음,강릉 아띠랑스 스파&애견동반펜션,8.2,10289,62100
**이미지 없음,강릉 복사꽃정원,9.9,10289,129000
**이미지 없음,강릉 스테이여기,10.0,10289,199000
**이미지 없음,강릉 더브리앙뜨,9.6,10289,135000
**이미지 없음,강릉 스테이바다,9.9,10289,0
**이미지 없음,강릉 스테이오늘은,9.7,10289,89000
**이미지 없음,강릉 정동진 바다풍경 오션뷰 펜션,9.8,10289,82400
**이미지 없음,강릉 해뜰날펜션,9.9,10289,80000
**이미지 없음,강릉 리프레시 오대산점,9.6,10289,93060
**이미지 없음,강릉 한가로와펜션,10.0,10289,70000
**이미지 없음,강릉 그꽃펜션,9.9,10289,99000
**이미지 없음,강릉 쉼,9.5,10289,50000
https://image.withstatic.com/216/186/354/acd186009cf9473ba7d10334182f03d4.jpg?width=792&height=480&format=webp,강릉 니스파크,9.4,10289,40000
https://image.withstatic.com/166/244/118/4e673f4671034f60ab510542128276d5.jpg?width=792&height=480&format=webp,강릉 나인원 애견펜션,8.9,10289,95500
https://image.withstatic.com/425/49/379/4f4bd68e15ba47ce8fc88f6d1b8c9cfb.jpg?width=792&height=480&format=webp,강릉 요트앤밸리펜션,9.9,10289,130000
https://image.withstatic.com/352/167/178/1dbfffcde7b84c739291c34f98bbb1f0.jpg?width=792&height=480&format=webp,강릉 스테이인강릉,9.3,10289,160000
**이미지 없음,강릉 휴앤휴펜션,9.9,10289,85000
**이미지 없음,강릉 한들펜션,9.6,10289,67200
**이미지 없음,강릉 포레스트펜션,9.8,10289,95040
**이미지 없음,강릉 퍼니 단체 펜션,10.0,10289,0
**이미지 없음,강릉 소금강행복펜션,9.8,10289,60000
**이미지 없음,강릉 풍경쉼터펜션,9.9,10289,150000
**이미지 없음,강릉 JJHUE펜션,9.9,10289,0
**이미지 없음,강릉 씨엘 펜션,9.9,10289,0
**이미지 없음,강릉 대관령안골황토펜션,9.5,10289,30000
**이미지 없음,강릉 아고라,9.7,10289,151000
**이미지 없음,강릉 보니스테이,9.7,10289,197400
**이미지 없음,강릉 치즈바다,8.6,10289,184230
https://image.withstatic.com/157/117/140/914270c9d08040e18c2d9c407b646f5d.jpg?width=792&height=480&format=webp,강릉 티케하우스펜션,9.8,10289,0
https://image.withstatic.com/465/462/436/6a82e9f559d84debb4a290537d88ad3c.jpg?width=792&height=480&format=webp,강릉 안인펜션,9.4,10289,50000
https://image.withstatic.com/90/201/284/96c19b96bd8041fe9ca640329c60a85e.jpg?width=792&height=480&format=webp,강릉 JD38 스파 펜션,9.1,10289,76900
**이미지 없음,강릉 무지개펜션,9.4,10289,86400
**이미지 없음,강릉 킹마운틴 펜션,9.8,10289,120000
**이미지 없음,강릉 린펜션,9.8,10289,0
**이미지 없음,강릉 발리까미펜션B동,9.8,10289,109000
**이미지 없음,강릉 소금강별언덕펜션,9.7,10289,130000
**이미지 없음,강릉 오르펜션,9.8,10289,0
**이미지 없음,강릉 쏠레이빌리지,9.5,10289,192000
**이미지 없음,주문진 베스테이 이지호텔,9.0,10289,100000
**이미지 없음,강릉 하코네스파펜션,9.4,10289,85440
**이미지 없음,강릉 해피몽펜션,9.6,10289,86400
**이미지 없음,강릉 야생화마을펜션,9.2,10289,100000
https://image.withstatic.com/277/238/438/c6f2e8e164c94186ab437a5badb2406f.jpg?width=792&height=480&format=webp,강릉 까르디에펜션,9.8,10289,0
https://image.withstatic.com/262/385/25/61529032a4354399aebba050f7c59910.jpg?width=792&height=480&format=webp,망상비치펜션,9.6,10289,70000
https://image.withstatic.com/461/312/285/62b222f91a0942f49d590af454415663.jpg?width=792&height=480&format=webp,강릉 경포스톤밸리 펜션,9.8,10289,0
https://image.withstatic.com/property/2025/07/24/81/8122480ccaac4a0f97f76d28eb883fe9.jpg?width=792&height=480&format=webp,강릉힐링타임펜션,9.6,10289,85440
**이미지 없음,강릉 라임비치 스파 펜션,9.2,10289,97800
**이미지 없음,강릉 휘게&노빌레스파펜션,9.6,10289,99000
**이미지 없음,정동진 썬 게스트하우스,9.5,10289,50000
**이미지 없음,강릉 이지비야 펜션,9.4,10289,60000
**이미지 없음,강릉 대관령 황토 펜션,9.6,10289,120000
**이미지 없음,강릉 비밀의정원 풀빌라,9.4,10289,0
**이미지 없음,강릉 벨라루나 펜션,9.0,10289,69000
**이미지 없음,강릉 눈뜨면바다,8.7,10289,59000
**이미지 없음,강릉 시나미68 애견동반 펜션,9.4,10289,64800
**이미지 없음,강릉 수와래 애견 동반 펜션,8.9,10289,53800
**이미지 없음,강릉 소금강버들펜션,9.6,10289,130000
**이미지 없음,정동진 다우리조텔,9.5,10289,60000
**이미지 없음,정동진 바다여행,9.4,10289,40000
**이미지 없음,강릉 현대,8.9,10289,0
**이미지 없음,강릉 화이트비치펜션,9.2,10289,99000
https://image.withstatic.com/205/463/261/98a9bef9525d46d380ed45e6ad4ab73a.jpg?width=792&height=480&format=webp,주문진 코리아,8.0,10289,50000
https://image.withstatic.com/413/481/249/f1299f9179aa405a9fddc0239861166d.jpg?width=792&height=480&format=webp,강릉 아미카사펜션,9.2,10289,110000
https://image.withstatic.com/411/71/59/72ce63e7a221421c88ddccee3c179a05.jpg?width=792&height=480&format=webp,강릉 휴식 드라이브인 무인텔,8.9,10289,30000
**이미지 없음,강릉 계곡 스카이케빈 펜션,9.4,10289,110000
**이미지 없음,강릉 휴식주머니스파펜션,9.4,10289,0
**이미지 없음,정동진 정동캐슬 호텔,9.3,10289,0
**이미지 없음,강릉 ing 게스트하우스,9.4,10289,70000
**이미지 없음,강릉 정동진 태화펜션,9.2,10289,110000
**이미지 없음,강릉 은가비펜션,9.5,10289,0
**이미지 없음,강릉 베이스캠프 애견동반 펜션,8.8,10289,0
**이미지 없음,강릉 W펜션,9.8,10289,130000
**이미지 없음,정동진 정동비치,9.3,10289,0
**이미지 없음,강릉 그곳펜션,9.3,10289,0
**이미지 없음,강릉 언덕마루 펜션,9.2,10289,97800
**이미지 없음,강릉 K 게스트하우스,9.1,10289,40000
**이미지 없음,강릉 황토와솔내음,9.2,10289,134400
https://image.withstatic.com/417/379/293/14a868e91e6843fcb1e2b4063afe03f6.jpg?width=792&height=480&format=webp,솔라뷰 호텔 앤 리조트,9.2,10289,0
https://image.withstatic.com/422/287/186/b975b3abf635405cbdfffae20e2f3f1e.jpg?width=792&height=480&format=webp,강릉 봉,8.9,10289,0
https://image.withstatic.com/property/2025/09/23/88/88ffb87534004764abd9ec281e6330df.jpg?width=792&height=480&format=webp,강릉 이화,8.5,10289,0
**이미지 없음,강릉 와우파크 카라반,9.0,10289,0
**이미지 없음,주문진 용은모텔,8.9,10289,0
**이미지 없음,주문진 바다,8.3,10289,38000
**이미지 없음,강릉 빅아일랜드펜션,8.9,10289,0
**이미지 없음,호텔큐브,7.9,10289,84706
**이미지 없음,강릉사천바다독채펜션,9.0,10289,0
**이미지 없음,경포대 뉴호수,7.9,10289,34000
**이미지 없음,경포대 아이리스,8.0,10289,47000
**이미지 없음,경포 힐,8.9,10289,0
**이미지 없음,루소 호텔,8.7,10289,70000
**이미지 없음,강릉 AMPM풀빌라,9.2,10289,0
**이미지 없음,강릉 금성,8.8,10289,0
**이미지 없음,강릉 해솔내음펜션,8.9,10289,65000
**이미지 없음,정동진 엔담,8.8,10289,0
**이미지 없음,강릉 마을안길,10.0,10289,0
**이미지 없음,옥계 리치,9.2,10289,0
https://image.withstatic.com/282/473/265/ede287c2b59842799b147caa3f5e6f2c.jpg?width=792&height=480&format=webp,강릉 올인,8.6,10289,0
https://image.withstatic.com/193/287/172/f92c0071f56847278214daf679600e2f.jpg?width=792&height=480&format=webp,강릉 아띠랑스 스파펜션,8.1,10289,62100
https://image.withstatic.com/property/2025/07/29/d7/d75db971cdab480a80b2a20dd6aa1e13.jpg?width=792&height=480&format=webp,강릉 빌리언스,8.7,10289,40000
http://image.goodchoice.kr/resize_792x480/adimg_new/11659/0/8f20e964a5773b2346917429170751da.jpg,강릉 예울림 게스트하우스,8.9,10289,120000
**이미지 없음,강릉 해피밸리펜션,9.3,10289,96000
**이미지 없음,강릉 포시즌,9.0,10289,0
**이미지 없음,강릉 바우골펜션,9.0,10289,80000
**이미지 없음,강릉 유림스테이,10.0,10289,191040
**이미지 없음,강릉 가둔지 펜션,8.8,10289,53800
**이미지 없음,경포비치 관광호텔,8.9,10289,62353
**이미지 없음,강릉 세인트리치,10.0,10289,101370
**이미지 없음,경포대 대덕호수텔,8.5,10289,60000
**이미지 없음,강릉여행 굿캠핑&펜션,8.8,10289,59000
**이미지 없음,경포대 델타 호텔,8.7,10289,69000
**이미지 없음,강릉 올라스풀빌라,8.5,10289,110000
https://image.withstatic.com/146/93/180/7ccfd6f2a5474a7ab312d133f2ad701c.jpg?width=792&height=480&format=webp,강릉 산장펜션,8.8,10289,150000
https://image.withstatic.com/338/377/355/5b839fe2b5e44aa9ba7b162540538418.jpg?width=792&height=480&format=webp,정동진 향기 호텔,7.9,10289,120000
https://image.withstatic.com/498/221/374/84ffcd1b89f34aca9b34b1d455d659b6.jpg?width=792&height=480&format=webp,경포대 코모도,7.9,10289,32000
**이미지 없음,강릉 소나무풍경펜션,8.8,10289,76800
**이미지 없음,강릉 정감이간다,10.0,10289,96000
**이미지 없음,강릉 달을삼킨바다 펜션,8.7,10289,109900
**이미지 없음,강릉 썬,8.1,10289,45000
**이미지 없음,강릉 아다지오 펜션,10.0,10289,160000
**이미지 없음,강릉 스테이오로지 독채 펜션,10.0,10289,0
**이미지 없음,강릉 블루마운틴펜션,8.6,10289,57000
**이미지 없음,강릉 강문바다,9.2,10289,69000
**이미지 없음,강릉 아이리스스테이,8.8,10289,0
**이미지 없음,강릉 메어블릭 스파 펜션,8.5,10289,141700
**이미지 없음,델타 호텔,8.1,10289,52000
**이미지 없음,강릉 이즈미르 펜션,8.7,10289,100000
**이미지 없음,강릉 코지하우스 펜션,8.5,10289,108800
**이미지 없음,강릉 정동진 바다부채길펜션,7.7,10289,45000
**이미지 없음,강릉 경포썬앤문펜션,8.5,10289,80000
https://image.withstatic.com/451/308/302/f120f46c12934f4daf7b98bccd6674ce.jpg?width=792&height=480&format=webp,강릉 해랑 펜션,7.9,10289,86800
https://image.withstatic.com/property/2025/08/18/f1/f10bd248e6b0400b8340363ad35f2fad.jpg?width=792&height=480&format=webp,강릉 코미치바다 펜션,7.8,10289,62800
https://image.withstatic.com/62/48/303/e0a7af4216cf44b4bf9c73fe50b7ddbe.jpg?width=792&height=480&format=webp,강릉 소리펜션,8.6,10289,150000
https://image.withstatic.com/property/2025/07/30/b1/b11036919a3648daafb8c5b128aef242.jpg?width=792&height=480&format=webp,강릉 해안선모텔,8.3,10289,20000
**이미지 없음,정동진 카리브,8.5,10289,0
**이미지 없음,강릉 메종드로즈,7.9,10289,56640
**이미지 없음,강릉 캐빈,8.0,10289,40000
**이미지 없음,강릉 열시반펜션,8.4,10289,0
**이미지 없음,강릉 해피하우스,8.8,10289,60000
**이미지 없음,강릉 늘벗펜션,9.4,10289,80000
**이미지 없음,강릉 힐링캠프 예서원,9.2,10289,110000
**이미지 없음,강릉 테라머뭄,10.0,10289,87467
**이미지 없음,강릉 둥지펜션,7.7,10289,70000
**이미지 없음,강릉 바다와펜션,7.8,10289,72000
https://image.withstatic.com/property/2025/08/01/eb/ebee8b262800454e99614ea119b4f9af.jpg?width=792&height=480&format=webp,강릉 투게더펜션,7.8,10289,76800
https://image.withstatic.com/336/42/153/dd8fe95415c54bb28ec797acf0a51aba.jpg?width=792&height=480&format=webp,강릉 경포 해와달 펜션,7.5,10289,75800
**이미지 없음,강릉 경포 산바다 펜션,7.4,10289,90000
**이미지 없음,강릉그린펜션,8.6,10289,85000
**이미지 없음,강릉 미리내하우스,8.4,10289,120000
**이미지 없음,강릉 꿈의궁전,7.3,10289,0
**이미지 없음,강릉 지소림한옥스테이,10.0,10289,0
**이미지 없음,강릉 산골이야기펜션,10.0,10289,79000
**이미지 없음,[2박이상] 강릉 부연동 | 난다네하우스,10.0,10289,0
**이미지 없음,강릉 진스테이,9.0,10289,86800
https://image.withstatic.com/149/91/256/a562586a813e46a38c553ad342f0b49d.jpg?width=792&height=480&format=webp,강릉 뭉스독채카라반&펜션,9.7,10289,0
https://image.withstatic.com/107/485/295/5c197d7c05644e59b0541fc9dd57685c.jpg?width=792&height=480&format=webp,경포 동해,6.9,10289,0
https://image.withstatic.com/52/290/118/cd9036a8deeb4f1fb9aa1f5f9c962b34.jpg?width=792&height=480&format=webp,강릉 궁전,6.9,10289,50000
**이미지 없음,강릉 1189 펜션,6.7,10289,0
**이미지 없음,강릉 쟌느빌리지,8.5,10289,130000
**이미지 없음,강릉 호텔 감재,10.0,10289,0
**이미지 없음,강릉 디뮤어카라반,9.7,10289,107973
**이미지 없음,강릉 THE JS STAY,10.0,10289,190000
**이미지 없음,주문진 등대펜션,5.8,10289,172800
**이미지 없음,강릉 더그레이 스파&수영장 펜션,10.0,10289,75840
**이미지 없음,유럽에 온 것 같은 느낌의 엔틱풍 숙소 | 르 마르쉘(Le Marcel),10.0,10289,174222
**이미지 없음,강릉 스테이풀빌라,10.0,10289,191040
**이미지 없음,자쿠지가 매력적인 감성숙소 독채 한옥스테이 | 강릉오늘,10.0,10289,0
https://image.withstatic.com/429/148/343/9f353ffe03554408bade01d36ba36fef.jpg?width=792&height=480&format=webp,강릉 담높은집,10.0,10289,0
https://image.withstatic.com/property/2025/07/30/33/3372b7a2ed2f49178e5c7335825f3695.JPG?width=792&height=480&format=webp,강릉 올스테이브 호텔,10.0,10289,115000
**이미지 없음,강릉 류풀빌라,10.0,10289,0
**이미지 없음,강릉 마레펜션,10.0,10289,100000
**이미지 없음,강릉 학동한옥펜션,10.0,10289,0
**이미지 없음,강릉 873스테이,10.0,10289,0
**이미지 없음,강릉 모퉁이펜션,9.7,10289,150000
**이미지 없음,강릉 블루문펜션,9.3,10289,99000
**이미지 없음,강릉 그린밸리펜션,5.5,10289,100000
https://image.withstatic.com/property/2025/07/21/0d/0d2b1b8c97864127a83a35f0cee217d8.jpg?width=792&height=480&format=webp,강릉 스테이강릉역,7.0,10289,0
