//gdimg.gmarket.co.kr/4477894582/still/280?ver=1764227254,TCL 85Q9B 4K QD-Mini LED 스마트 TV 215cm(85인치) 스탠드형 기사방문설치,2499000,110,0
//gdimg.gmarket.co.kr/3092899044/still/280?ver=1764651210,삼성 KQ75QC75AFXKR 189cm 4K QLED TV 120Hz,1848200,754,0
//gdimg.gmarket.co.kr/4591925324/still/280?ver=1763008092,삼성 2024 LED 75인치 UHD 4K TV 75DU7200 스탠드 벽걸이,842310,0,0
//gdimg.gmarket.co.kr/4497806152/still/280?ver=1764809254,(으뜸효율)삼성 무빙스타일 QLED TV KQ55QF7DAFXKR 138cm(55인치) 4K 1등급,1235480,20,0
//gdimg.gmarket.co.kr/3592377299/still/280?ver=1764809398,삼성 UHD TV 214cm(85인치)120Hz 4K KU85UD8070FXKR,1699000,311,0
//gdimg.gmarket.co.kr/4560318206/still/280?ver=1763353799,삼성전자 TV렌탈 가전구독 모음전 전국무료설치/사은품증정,17100,0,0
//gdimg.gmarket.co.kr/3092899044/still/280?ver=1764651210,삼성 KQ75QC75AFXKR 189cm 4K QLED TV 120Hz,1848200,754,0
//gdimg.gmarket.co.kr/4477894582/still/280?ver=1764227254,TCL 85Q9B 4K QD-Mini LED 스마트 TV 215cm(85인치) 스탠드형 기사방문설치,2499000,110,0
//gdimg.gmarket.co.kr/3092904767/still/280?ver=1764651088,삼성 KQ85QC75AFXKR 214cm 4K QLED TV 120Hz,2393500,1298,0
//gdimg.gmarket.co.kr/4366174263/still/280?ver=1764808213,체감가113만원대(으뜸효율)삼성 QLED TV 4K 1등급 163cm(65인치) KQ65QF7DAFXKR,1246230,856,0
//gdimg.gmarket.co.kr/4544308977/still/280?ver=1764808978,삼성 더 무빙스타일 TV KU27LSFM7AXXKR 68cm 120Hz 터치스크린,1490000,16,0
//gdimg.gmarket.co.kr/4523246322/still/280?ver=1764515485,삼성 네오QLED TV 4K 108cm(43) KQ43QNF90AFXKR + 무빙스탠드 (방문설치),1539000,0,0
//gdimg.gmarket.co.kr/4584778288/still/280?ver=1763175781,TV통합만능리모콘 PB-9085 TV IPTV 스카이라이프/TV리모컨/만능/리모컨/올레TV/스카이/라이프/BTV리모컨/TV,24890,0,0
//gdimg.gmarket.co.kr/4366174263/still/280?ver=1764808213,체감가113만원대(으뜸효율)삼성 QLED TV 4K 1등급 163cm(65인치) KQ65QF7DAFXKR,1246230,856,0
//gdimg.gmarket.co.kr/4380559617/still/280?ver=1764807650,삼성 4K QLED AI TV 189cm(75) KQ75QF7DAFXKR 스마트TV 1등급 티비 스탠드형,1739000,1017,0
//gdimg.gmarket.co.kr/3092904767/still/280?ver=1764651088,삼성 KQ85QC75AFXKR 214cm 4K QLED TV 120Hz,2393500,1298,0
//gdimg.gmarket.co.kr/4192655005/still/280?ver=1764570189,와이드무빙뷰 화이트에디션 삼탠바이미 셋트 QLED 43인치 4K UHD 스마트 이동식 TV 중소바이미 삼텐바이미,406000,89,0
//gdimg.gmarket.co.kr/3592377299/still/280?ver=1764809398,삼성 UHD TV 214cm(85인치)120Hz 4K KU85UD8070FXKR,1699000,311,0
//gdimg.gmarket.co.kr/2577131532/still/280?ver=1749795025,PIH32H 81cm HD LED TV 돌비사운드 / 패널불량 2년 보증,125350,57,0
//gdimg.gmarket.co.kr/3092899044/still/280?ver=1764651210,삼성 KQ75QC75AFXKR 189cm 4K QLED TV 120Hz,1848200,754,0
//gdimg.gmarket.co.kr/4380429891/still/280?ver=1764807808,삼성 4K UHD LED TV 108cm(43) KU43UF8570FXKR 스마트TV 1등급 티비 스탠드형,699000,0,0
//gdimg.gmarket.co.kr/1703754237/still/280?ver=1764808935,유맥스 UHD50L 127cm(50인치) UHD TV 무결점 보증 - 중소기업 대형 벽걸이 겸용 3일완료출장AS 패널2년무상,305000,135,0
//gdimg.gmarket.co.kr/3592377299/still/280?ver=1764809398,삼성 UHD TV 214cm(85인치)120Hz 4K KU85UD8070FXKR,1699000,311,0
//gdimg.gmarket.co.kr/4148574451/still/280?ver=1763353038,필립스  32PHN5000 81cm HD LED TV 으뜸효율가전 에너지효율 1등급,136350,167,0
//gdimg.gmarket.co.kr/1490161709/still/280?ver=1764808936,유맥스 MX32H 81cm(32인치) LG IPS패널탑재 무결점-중소기업 소형 벽걸이 겸용 1등급 으뜸효율TV 3일완료AS,123000,329,0
//gdimg.gmarket.co.kr/4188949955/still/280?ver=1764651069,무빙큐빅스 32인치 FHD QLED 삼탠바이미 X2시리즈 화이트에디션 스마트TV 이동식거치대 셋트 삼텐바이미,278890,134,0
//gdimg.gmarket.co.kr/4442335192/still/280?ver=1764650899,무빙큐빅스 화이트에디션 32인치 FHD QLED 삼탠바이미 퍼스트 셋트 이동식 스마트TV 삼텐바이미 중소바이미,259590,45,0
//gdimg.gmarket.co.kr/4429433214/still/280?ver=1763538310,삼성 삼탠바이미 M5 S27DM501 68cm 스마트모니터 무빙스탠드 패키지 FHD IPTV,331000,3,0
//gdimg.gmarket.co.kr/4243117806/still/280?ver=1764650988,무빙큐빅스 32인치 FHD QLED 화이트에디션 삼탠바이미 X1시리즈 스마트 TV 삼텐바이미 중소바이미,269240,31,0
//gdimg.gmarket.co.kr/4519531855/still/280?ver=1764806137,LG UHD TV 65UA7500ENA 163cm 65인치 울트라HD 스탠드형,1019620,43,0
//gdimg.gmarket.co.kr/4412223062/still/280?ver=1762840942,필립스 75PUN5130 190cm 4K UHD LED TV (방문설치) 으뜸효율가전 빠르고 안전한 전문설치기사 방문 서비스,799000,10,0
//gdimg.gmarket.co.kr/4366178969/still/280?ver=1764808108,체감가91만원대(으뜸효율)삼성 QLED TV AI 4K 138cm(55인치) KQ55QF7DAFXKR 스탠드,1009670,132,0
//gdimg.gmarket.co.kr/4522873466/still/280?ver=1764824495,삼성 4K QLED AI TV 189cm(75) KQ75QF6AAFXKR 스마트TV 1등급 티비 스탠드형 (25만원할인쿠폰),1799000,18,0
//gdimg.gmarket.co.kr/3322687784/still/280?ver=1764849018,위드라이프 32인치HD TV 엘지정품패널 가성비 고화질티비,108290,210,0
//gdimg.gmarket.co.kr/4514559111/still/280?ver=1764515485,삼성 Neo QLED TV 108cm(43인치) 스탠드 KQ43QNF90AFXKR (방문설치),1449000,0,0
//gdimg.gmarket.co.kr/3092899044/still/280?ver=1764651210,삼성 KQ75QC75AFXKR 189cm 4K QLED TV 120Hz,1848200,754,0
//gdimg.gmarket.co.kr/4148595565/still/280?ver=1763621747,필립스 55PUN5030 139cm 4K UHD LED TV 기사님 직배송으로 안전배송,396550,37,0
//gdimg.gmarket.co.kr/3592377299/still/280?ver=1764809398,삼성 UHD TV 214cm(85인치)120Hz 4K KU85UD8070FXKR,1699000,311,0
//gdimg.gmarket.co.kr/4148592139/still/280?ver=1762150965,필립스 43PUN5030 109cm UHD LED TV 으뜸효율가전 에너지효율 1등급,264230,116,0
//gdimg.gmarket.co.kr/4209664310/still/280?ver=1764570189,와이드무빙뷰 신제품타원형 삼탠셋트 43인치 스마트 이동식 QLED UHD TV 공간활용 삼텐바이미셀프설치,368000,71,0
//gdimg.gmarket.co.kr/4465901468/still/280?ver=1751660956,(삼성)전국배송설치 UHD  TV  KU50UF8030FXKR  스탠드형 DB,670900,1,0
//gdimg.gmarket.co.kr/4201666207/still/280?ver=1764570189,와이드무빙뷰 신제품타원형 삼탠셋트 32인치 스마트 이동식 HD TV 공간활용중소바이미 삼텐바이미셀프설치,228000,126,0
//gdimg.gmarket.co.kr/4465902613/still/280?ver=1752474019,(삼성)UHD  TV  KU50UF8030FXKR  스탠드형 전국배송설치 DB,670900,1,0
//gdimg.gmarket.co.kr/4457762024/still/280?ver=1764574787,으뜸효율 삼성 25년형 무빙스타일 QLED AI TV 티비 108cm(43인치) KQ43QF7A-N1W 이동식TV,990000,269,0
//gdimg.gmarket.co.kr/4412176244/still/280?ver=1759292437,필립스 65PUN5130 165cm 4K UHD LED TV (방문설치) 으뜸효율가전 빠르고 안전한 전문설치기사 방문 서비스,599000,19,0
//gdimg.gmarket.co.kr/1484168770/still/280?ver=1764808936,유맥스 MX43F 109cm(43인치) FHD TV 무결점보증-중소기업 소형 벽걸이 겸용 1등급 으뜸효율TV 3일완료출장AS,203000,164,0
//gdimg.gmarket.co.kr/3034944834/still/280?ver=1764515874,삼성 더 세로 KQ43LSB05AFXKR QLED TV 스마트 모바일 UHD 4K 108cm(43) 네이비 블루,1099000,3,0
//gdimg.gmarket.co.kr/4565491239/still/280?ver=1763946647,KU32H5050FFXKR 전국배송 1등급 32인치 스탠드형 HD급 스마트TV A 삼성정품판매,277920,38,0
//gdimg.gmarket.co.kr/3034958755/still/280?ver=1764515908,삼성 더 세로 KQ43LSB05BFXKR QLED TV 스마트 모바일 UHD 4K 108cm(43) 스페이스 화이트,1189000,1,0
//gdimg.gmarket.co.kr/4388443273/still/280?ver=1764810029,삼성 KQ85QF7DAFXKR 214cm 4K QLED TV,2293500,63,0
//gdimg.gmarket.co.kr/3699726278/still/280?ver=1733217048,LG전자 LG 엘지 스탠바이미 렌탈 모음전 최대혜택+포토후기상품권 스탠바이고 스탠바이미 Go,27900,0,0
//gdimg.gmarket.co.kr/4412065909/still/280?ver=1764808741,무선터치 스테이온유 SU32TAB 81cm(32인치) 스마트 구글TV 이동식 무선 삼탠바이미 삼텐바이미 스탠바이미2,539000,25,0
//gdimg.gmarket.co.kr/4192655005/still/280?ver=1764570189,와이드무빙뷰 화이트에디션 삼탠바이미 셋트 QLED 43인치 4K UHD 스마트 이동식 TV 중소바이미 삼텐바이미,406000,89,0
//gdimg.gmarket.co.kr/4464023491/still/280?ver=1764806451,LG QNED TV 86QNED75AEA 217cm 86인치 사운드바 무상 증정,2694980,24,0
//gdimg.gmarket.co.kr/3322687784/still/280?ver=1764849018,위드라이프 32인치HD TV 엘지정품패널 가성비 고화질티비,108290,210,0
//gdimg.gmarket.co.kr/4552775874/still/280?ver=1764563040,와우피프티 LG IPS 패널 TV HD 32인치 LED 스탠드형 에너지 1등급 중소기업TV,95000,15,0
//gdimg.gmarket.co.kr/4209664310/still/280?ver=1764570189,와이드무빙뷰 신제품타원형 삼탠셋트 43인치 스마트 이동식 QLED UHD TV 공간활용 삼텐바이미셀프설치,368000,71,0
//gdimg.gmarket.co.kr/4599016854/still/280?ver=1764747055,스카이뷰 81cm 32인치 HD LED TV 대기업패널 에너지1등급 고화질 티비 스탠드형 벽걸이형,99000,3,0
//gdimg.gmarket.co.kr/4201666207/still/280?ver=1764570189,와이드무빙뷰 신제품타원형 삼탠셋트 32인치 스마트 이동식 HD TV 공간활용중소바이미 삼텐바이미셀프설치,228000,126,0
//gdimg.gmarket.co.kr/4547595291/still/280?ver=1764037836,세리프 삼성 QLED 4K 스마트 TV 163cm KQ65QF7SAFXKR 방문설치 스탠드형 65인치,1118300,2,0
//gdimg.gmarket.co.kr/4388443273/still/280?ver=1764810029,삼성 KQ85QF7DAFXKR 214cm 4K QLED TV,2293500,63,0
//gdimg.gmarket.co.kr/4522873466/still/280?ver=1764824495,삼성 4K QLED AI TV 189cm(75) KQ75QF6AAFXKR 스마트TV 1등급 티비 스탠드형 (25만원할인쿠폰),1799000,18,0
//gdimg.gmarket.co.kr/4412065909/still/280?ver=1764808741,무선터치 스테이온유 SU32TAB 81cm(32인치) 스마트 구글TV 이동식 무선 삼탠바이미 삼텐바이미 스탠바이미2,539000,25,0
//gdimg.gmarket.co.kr/2346713506/still/280?ver=1764806671,LG UHD TV 86UR642S0NC 217cm 86인치 울트라HD,1579000,206,0
//gdimg.gmarket.co.kr/4552775874/still/280?ver=1764563040,와우피프티 LG IPS 패널 TV HD 32인치 LED 스탠드형 에너지 1등급 중소기업TV,95000,15,0
//gdimg.gmarket.co.kr/4469861118/still/280?ver=1752115064,(LG)LG전자 올레드 evo TV OLED65C5FNA 스탠드형,2228880,3,0
//gdimg.gmarket.co.kr/4599016854/still/280?ver=1764747055,스카이뷰 81cm 32인치 HD LED TV 대기업패널 에너지1등급 고화질 티비 스탠드형 벽걸이형,99000,3,0
//gdimg.gmarket.co.kr/2498507907/still/280?ver=1762861186,삼성전자 LED TV 80cm UN32N4020AFXKR (스탠드형)Ty  KU32H5050FFXKR 신형으로 설치포함,287100,75,0
//gdimg.gmarket.co.kr/4209647692/still/280?ver=1764138493,와이드무빙뷰 신제품타원형 삼탠셋트 40인치 스마트 이동식 FHD TV 공간활용중소바이미 삼텐바이미셀프설치,298000,38,0
//gdimg.gmarket.co.kr/4361589982/still/280?ver=1764724678,삼성전자 HG43CU700NFXKR 4K UHD 비즈니스 108cm TV 스탠드 호텔 TV 관공서 사무실 병원 CCTV 티비 (SH),440000,39,0
//gdimg.gmarket.co.kr/4600200659/still/280?ver=1764803432,스카이뷰 4K UHD 109cm 43인치 LED TV 대기업패널 에너지1등급 고화질 티비 스탠드형 벽걸이형,198800,1,0
//gdimg.gmarket.co.kr/4586277037/still/280?ver=1763601972,삼성 1등급 4K 138cm(55인치) 크리스탈 UHD 스탠드형 TV KU55UD7050FXKR  삼성직배 무료설치배송,779000,0,0
//gdimg.gmarket.co.kr/3580483795/still/280?ver=1764722669,삼성 KU98UD9000FXKR 247cm UHD TV,3988500,253,0
//gdimg.gmarket.co.kr/1703754237/still/280?ver=1764808935,유맥스 UHD50L 127cm(50인치) UHD TV 무결점 보증 - 중소기업 대형 벽걸이 겸용 3일완료출장AS 패널2년무상,305000,135,0
//gdimg.gmarket.co.kr/3595502514/still/280?ver=1764303829,(으뜸효율) 삼성 LED 4K UHD 107.9cm(43인치) 스마트 비지니스TV 스탠드형 무료설치 LH43BEFHLGFXKR,449000,416,0
//gdimg.gmarket.co.kr/4209647692/still/280?ver=1764138493,와이드무빙뷰 신제품타원형 삼탠셋트 40인치 스마트 이동식 FHD TV 공간활용중소바이미 삼텐바이미셀프설치,298000,38,0
//gdimg.gmarket.co.kr/4188949955/still/280?ver=1764651069,무빙큐빅스 32인치 FHD QLED 삼탠바이미 X2시리즈 화이트에디션 스마트TV 이동식거치대 셋트 삼텐바이미,278890,134,0
//gdimg.gmarket.co.kr/3958307247/still/280?ver=1764806497,LG 올레드 OLED TV OLED42C4ENA 42인치,1229870,731,0
//gdimg.gmarket.co.kr/4597231606/still/280?ver=1764803448,스카이뷰 109cm 43인치 FHD LED TV 대기업패널 에너지1등급 고화질 티비 스탠드형 벽걸이형,169000,4,0
//gdimg.gmarket.co.kr/3322951367/still/280?ver=1764848972,위드라이프 43인치 FHD TV 엘지정품패널 109cm 고화질티비 1등급,188100,197,0
//gdimg.gmarket.co.kr/4209915866/still/280?ver=1764651069,무빙큐빅스 4K UHD QLED 43인치 삼탠바이미 X2시리즈 화이트에디션 스마트TV 이동식거치대 셋트 삼텐바이미,404340,56,0
//gdimg.gmarket.co.kr/4600200659/still/280?ver=1764803432,스카이뷰 4K UHD 109cm 43인치 LED TV 대기업패널 에너지1등급 고화질 티비 스탠드형 벽걸이형,198800,1,0
//gdimg.gmarket.co.kr/4600135662/still/280?ver=1764747091,스카이뷰 81cm 32인치 FHD LED TV 대기업패널 에너지1등급 고화질 티비 스탠드형 벽걸이형,118800,4,0
//gdimg.gmarket.co.kr/1817424658/still/280?ver=1764808936,유맥스 Ai65G 165cm(65인치) UHD 구글 5.0 스마트TV - 중소기업 대형 벽걸이 겸용 1등급 환급TV 3일완료AS,539000,70,0
//gdimg.gmarket.co.kr/3595299427/still/280?ver=1764303600,(으뜸효율) 삼성 LED 4K UHD 125.7cm(50인치) 스마트 비지니스TV 스탠드형 무료설치 LH50BEFHLGFXKR,549000,328,0
//gdimg.gmarket.co.kr/4345967783/still/280?ver=1764810847,삼성 Neo QLED KQ55QNF80AFXKR 138cm(55인치) 4K AI TV 스탠드형 티비,1519000,48,0
//gdimg.gmarket.co.kr/4577339367/still/280?ver=1764044543,와우피프티 TV40인치 LG패널 FHD 중소기업 티비 소형TV 스탠드형_택배발송,149000,1,0
//gdimg.gmarket.co.kr/3580483795/still/280?ver=1764722669,삼성 KU98UD9000FXKR 247cm UHD TV,3988500,253,0
//gdimg.gmarket.co.kr/4442335192/still/280?ver=1764650899,무빙큐빅스 화이트에디션 32인치 FHD QLED 삼탠바이미 퍼스트 셋트 이동식 스마트TV 삼텐바이미 중소바이미,259590,45,0
//gdimg.gmarket.co.kr/3595502514/still/280?ver=1764303829,(으뜸효율) 삼성 LED 4K UHD 107.9cm(43인치) 스마트 비지니스TV 스탠드형 무료설치 LH43BEFHLGFXKR,449000,416,0
//gdimg.gmarket.co.kr/4449131166/still/280?ver=1764059756,삼성 HD LED 스마트 TV 32인치 1등급 스탠드형 KU32H5050FFXKR 무료방문설치,298000,4,0
//gdimg.gmarket.co.kr/4563613951/still/280?ver=1762227677,삼성 1등급 4K 214cm(85인치) 크리스탈 UHD 벽걸이형 TV KU85UD7000FXKR 삼성직배 무료설치배송,1610000,2,0
//gdimg.gmarket.co.kr/4475039657/still/280?ver=1763872923,삼성 Full HD 스마트 TV 43인치 스탠드형 1등급 KU43F6050FFXKR 무료설치,428990,7,0
//gdimg.gmarket.co.kr/2448778067/still/280?ver=1764060390,삼성 43인치 UHD 4K LED 사이니지 TV 에너지효율 1등급,446000,50,0
//gdimg.gmarket.co.kr/2605880716/still/280?ver=1762914061,큐빅스 109cm 43인치 4K UHD LED TV 1등급 티비 CBXTV430UHD 5년 AS보증,259000,26,0
//gdimg.gmarket.co.kr/4233119774/still/280?ver=1764831524,LG전자 HD TV 43UR340C9ND 107cm 스탠드형 NK (스탠드만 가능),495970,1,0
//gdimg.gmarket.co.kr/4381970292/still/280?ver=1764501592,삼성 KQ65QNF70AFXKR 163cm 4K Neo QLED TV,1849000,48,0
//gdimg.gmarket.co.kr/4345966176/still/280?ver=1764810900,삼성 Neo QLED KQ65QNF80AFXKR 163cm(65인치) 4K AI TV 스탠드형 티비,2099000,20,0
//gdimg.gmarket.co.kr/3768863546/still/280?ver=1764651075,무빙큐빅스 43인치 4K UHD 삼탠바이미 X2시리즈 화이트에디션 스마트TV 이동식거치대 셋트 삼텐바이미,385040,112,0
//gdimg.gmarket.co.kr/1483543550/still/280?ver=1764808935,유맥스 UHD55L 139cm(55인치) UHD TV 중소기업 대형 벽걸이 겸용 3일완료출장AS 패널2년무상,339000,160,0
//gdimg.gmarket.co.kr/4428896841/still/280?ver=1764650987,무빙큐빅스 스마트 55인치 4K UHD QLED 삼탠바이미 화이트에디션 이동식tv 삼텐바이미 중소바이미,557770,9,0
//gdimg.gmarket.co.kr/3616647360/still/280?ver=1764808281,삼성 4K UHD LED TV 125cm(50) KU50UD8070FXKR 스마트TV 1등급 티비 스탠드형,699000,44,0
//gdimg.gmarket.co.kr/4538594852/still/280?ver=1764563190,와우피프티 TV 32인치 HD 프리미엄 광시야각 에너지1등급 중소기업TV SMG32H 스탠드형_택배발송,99000,3,0
//gdimg.gmarket.co.kr/4477894582/still/280?ver=1764227254,TCL 85Q9B 4K QD-Mini LED 스마트 TV 215cm(85인치) 스탠드형 기사방문설치,2499000,110,0
//gdimg.gmarket.co.kr/4345954140/still/280?ver=1764553553,삼성 KQ75QNF80AFXKR 189cm 4K Neo QLED TV,2690000,14,0
//gdimg.gmarket.co.kr/4602591193/still/280?ver=1764810787,삼성 4K Neo QLED AI TV 214cm(85) KQ85QNF70BFXKR 스마트TV 1등급 티비 스탠드형,3229000,5,0
//gdimg.gmarket.co.kr/4553723759/still/280?ver=1764044960,10% 환급가전 43인치 FHD TV LG정품 패널 에너지 1등급 LED SG_FHD43 스탠드형 택배발송,179000,5,0
//gdimg.gmarket.co.kr/1722586214/still/280?ver=1764808936,유맥스 UHD43S 109cm(43인치) UHD TV 무결점보증-중소기업 소형 벽걸이 겸용 3일완료출장AS 패널2년무상,253000,93,0
//gdimg.gmarket.co.kr/4477859265/still/280?ver=1764227191,TCL 65Q9B 4K QD-Mini LED 스마트 TV 164cm(65인치) 스탠드형 기사방문설치,1299000,11,0
//gdimg.gmarket.co.kr/4271620330/still/280?ver=1740121662,LG전자 울트라HD LED TV 평면 스탠드형 190.5cm(75UR342C9NC) (운송료상이),869940,0,0
//gdimg.gmarket.co.kr/4226749121/still/280?ver=1761806462,에어리브 LG IPS 정품패널 32인치 LED HD TV  으뜸효율가전 에너지소비효율1등급 10% 환급,109000,306,0
//gdimg.gmarket.co.kr/4197488706/still/280?ver=1764806461,LG UHD TV 55UT8300ENA 138cm 울트라HD,855220,36,0
//gdimg.gmarket.co.kr/4125658858/still/280?ver=1764651068,무빙큐빅스 스마트 50인치 4K UHD QLED 삼탠바이미 화이트에디션 이동식tv 삼텐바이미 중소바이미,470920,41,0
//gdimg.gmarket.co.kr/1484192012/still/280?ver=1764808936,유맥스 MX40F 101cm(40인치) FHD TV 무결점보증-중소기업 소형 벽걸이 겸용 1등급 으뜸효율TV 3일완료출장AS,187000,123,0
//gdimg.gmarket.co.kr/4440949292/still/280?ver=1753087231,구글5.0 DLG120Hz 스마트TV 4K UHD 139cm(55인치) 25년형 신제품 / SD550CH,409000,3,0
//gdimg.gmarket.co.kr/3958262645/still/280?ver=1764806506,LG OLED evo TV OLED48C4ENA 120cm,1328770,80,0
//gdimg.gmarket.co.kr/2654040724/still/280?ver=1762913977,큐빅스 81cm 32인치 LED TV 대기업패널 1등급 CBXTV320HD 5년 AS보증,119000,70,0
//gdimg.gmarket.co.kr/3721413839/still/280?ver=1764491099,LG전자 LED TV 32LQ635BENA 80cm 스탠드형 오늘출발 택배(본인설치)SEB/배송유형 추가구성에서선택,326000,83,0
//gdimg.gmarket.co.kr/4209656056/still/280?ver=1764138472,와이드무빙뷰 신제품타원형 삼탠셋트 43인치 스마트 이동식 FHD TV 공간활용중소바이미 삼텐바이미셀프설치,328000,6,0
//gdimg.gmarket.co.kr/4188949955/still/280?ver=1764651069,무빙큐빅스 32인치 FHD QLED 삼탠바이미 X2시리즈 화이트에디션 스마트TV 이동식거치대 셋트 삼텐바이미,278890,134,0
//gdimg.gmarket.co.kr/4207123106/still/280?ver=1764304310,(으뜸효율) 삼성 LED 4K UHD 125.7cm(50인치) 스마트 비지니스TV 벽걸이형 무료설치 LH50BEFHLGFXKR,649000,34,0
//gdimg.gmarket.co.kr/4148574451/still/280?ver=1763353038,필립스  32PHN5000 81cm HD LED TV 으뜸효율가전 에너지효율 1등급,136350,167,0
//gdimg.gmarket.co.kr/2707062087/still/280?ver=1762913929,큐빅스 109cm 43인치 4K UHD LED TV 구글 안드로이드 스마트티비 5년 AS보증,289000,3,0
//gdimg.gmarket.co.kr/4584923631/still/280?ver=1764810711,삼성전자 Neo QLED AI TV 189cm(75인치) KQ75QNF75AFXKR 스탠드 (35만원할인쿠폰),2429000,4,0
//gdimg.gmarket.co.kr/4370615697/still/280?ver=1763958979,TCL 아이팔콘 43U65 4K HDR Google TV 108cm(43) 고객직접설치,309000,0,0
//gdimg.gmarket.co.kr/4597231606/still/280?ver=1764803448,스카이뷰 109cm 43인치 FHD LED TV 대기업패널 에너지1등급 고화질 티비 스탠드형 벽걸이형,169000,4,0
//gdimg.gmarket.co.kr/4200074054/still/280?ver=1764651066,무빙큐빅스 40인치 FHD 삼탠바이미 X1시리즈 화이트에디션 셋트 스마트tv 이동식 거치대 중소바이미 삼텐,317490,5,0
//gdimg.gmarket.co.kr/4315451209/still/280?ver=1764155512,27LX6TPGA o클릭o LG전자 스탠바이미 2 전국무료배송,1112960,42,0
//gdimg.gmarket.co.kr/4370629571/still/280?ver=1763959043,TCL 아이팔콘 65U65 4K HDR Google TV 163.9cm(65) 스탠드형 기사방문설치,499000,4,0
//gdimg.gmarket.co.kr/4485718974/still/280?ver=1764728233,삼성 32인치(80cm) HD TV 스마트 KU32H5050FFXKR 스탠드 원룸 병원 1등급,277920,20,0
//gdimg.gmarket.co.kr/4316678254/still/280?ver=1761968641,와이드무빙뷰 화이트 삼탠바이미V3 셋트 109cmFHD 스마트 이동식TV 중소바이미 유압식 높이조절 삼텐바이미,356000,1,0
//gdimg.gmarket.co.kr/4167548720/still/280?ver=1759476108,(LG)LG전자 스탠바이미 티비 27ART10DSPL 27인치,763030,0,0
//gdimg.gmarket.co.kr/3624018643/still/280?ver=1764810071,삼성 KU55UD8070FXKR 138cm 4K UHD TV 1등급,899000,74,0
//gdimg.gmarket.co.kr/4209915866/still/280?ver=1764651069,무빙큐빅스 4K UHD QLED 43인치 삼탠바이미 X2시리즈 화이트에디션 스마트TV 이동식거치대 셋트 삼텐바이미,404340,56,0
//gdimg.gmarket.co.kr/4370623314/still/280?ver=1763959022,TCL 아이팔콘 55U65 4K HDR Google TV 138.4cm(55) 스탠드형 기사방문설치,389000,2,0
//gdimg.gmarket.co.kr/3322882104/still/280?ver=1763339971,위드라이프 40인치 FHD TV IPS 대기업정품패널 고화질 프리미엄티비,159310,58,0
//gdimg.gmarket.co.kr/4316780464/still/280?ver=1761968641,와이드무빙뷰 화이트 삼탠바이미V3 셋트QLED109cmUHD 4K스마트이동식 TV 중소바이미 유압식 삼텐바이미,406000,4,0
//gdimg.gmarket.co.kr/4357091649/still/280?ver=1742388256,LG전자 75QNED65ABA 벽걸이형 QLED TV (C),1776400,1,0
//gdimg.gmarket.co.kr/4218189600/still/280?ver=1762909543,무빙큐빅스 스마트 4K UHD QLED 55인치 삼탠바이미 블랙에디션 스탠딩 이동식 TV 삼텐바이미 중소바이미,598000,5,0
//gdimg.gmarket.co.kr/4366293510/still/280?ver=1764808179,체감가245만원대(프리스타일2세대 증정)삼성 Neo QLED TV KQ75QNF70AFXKR 189cm 120Hz 4K,2579000,28,0
//gdimg.gmarket.co.kr/4606728952/still/280?ver=1764747189,스카이뷰 109cm 43인치 4K UHD 스마트 TV 화이트 에너지 1등급 구글 안드로이드 티비,248900,0,0
