344,magazine/344.jpg,특집기사,블루리본서베이 선정 - 부산의 맛집 100선 ② by 부산관광공사×블루리본서베이,블루리본서베이에서 선정한 부산의 맛집 100 군데로 미식여행을 떠나보세요. 부산의 맛집 100군데를 여섯 가지 테마에 맞게 분류한 식당과 카페 리스트를 소개해드립니다.
342,magazine/342.jpg,공지사항,<전국의 맛집 2023> 서평단을 모집합니다!,국내 최고의 맛집 평가서 <전국의 맛집 2023> 서평단에 많은 지원 바랍니다!
341,magazine/341.jpg,레스토랑 & 카페,2023년 전국 최고의 맛집 ① : 블루리본 2개를 받은 전국 맛집-광역시 편,<전국의 맛집 2023>에 수록된 리본 2개 맛집 135곳 중 광역시에서 리본 2개를 받은 42개의 식당을 소개해드립니다.
340,magazine/340.jpg,블루리본 소식,블루리본서베이 선정 - 부산의 맛집 100선 ① by 부산관광공사×블루리본서베이,"미식의 뉴 웨이브, 부산의 맛집 100 군데로 미식여행을 떠나보세요. 여섯 가지 테마에 맞는 식당과 카페를 소개해드릴 예정입니다."
339,magazine/339.jpg,인플루언서 칼럼,특색 있는 콘셉트를 선보이는 5월의 신규 업장: 뉴테이스트 by 김혜준 푸드 콘텐츠 디렉터,"외식업에 뛰어드는 연령대가 다양해지며, 명확한 정체성과 콘셉트의 브랜드들이 등장한다. 공간에 색을 입히고, 무엇을 파는 지에 대한 스토리를 디자인과 콘셉트로 표현한다. 5월에는 특색 있는 콘셉트의 신규 업장을 소개한다."
338,magazine/338.jpg,블루리본 소식,<삼성생명×블루리본 Let's 건강맛집> 방문 인증 챌린지에 참여하세요!,삼성생명에서 5월부터 ’더헬스앱(THE Health)‘을 통해 삼성생명&블루리본 건강맛집 방문 인증 챌린지 이벤트를 진행하고 있습니다
337,magazine/337.jpg,블루리본 소식,<블루리본서베이: 전국의 맛집 2023>이 출간되었습니다,"올해에도 독자 여러분의 평가에 따라 선정된 3,489개의 전국 맛집을 책 한 권에서 만나보실 수 있습니다. 2023년 판에서는 3만 명이 넘는 독자가 맛집 평가에 참여한 결과 리본 두 개 맛집은 135곳, 리본 한 개 맛집은 1,406곳입니다. 새로운 식당과 리본을 받은 맛집 등의 풍부한 미식 정보로 독자 여러분들의 기대감을 충족시켜줄 것입니다."
336,magazine/336.jpg,블루리본 소식,<삼성생명×블루리본 Let's 건강맛집 핸드북>이 발간되었습니다.,<블루리본 서베이>는 <삼성생명>과의 'Let’s 건강맛집' 프로젝트 협업을 통해 지난 18일 ‘Let’s 건강맛집 핸드북’을 발간하였다.
335,magazine/335.jpg,인플루언서 칼럼,4월의 커피 트렌드 by 심재범,"스페인 스페셜티 커피인 쓰리막스를 들여온 <키헤이 커피>, 정통 스페셜티 커피인 <피어커피>의 코엑스점, 상반기 최고의 커피 전시회 <커피 엑스포>, 제주에서 열리는 첫 번째 전국 단위 커피 축제인 <코리아 커피 위크>를 소개한다."
334,magazine/334.jpg,인플루언서 칼럼,"역사, 문화, 경제의 중심지, 전주 - 류크와 함께하는 남쪽나라 1박 2일","한옥마을, 풍남문, 경기전, 전라감영 등등 문화유산도 많이 남아 있어 관광지로 각광받고 있는 전주의 맛을 이야기한다."
333,magazine/333.jpg,"뉴스,인플루언서 칼럼","순위보다는 만남, 그리고 새로운 챕터: 아시아 50 베스트레스토랑 시상식  by 김혜준 푸드 콘텐츠 디렉터","2023년 3월 28일, 싱가포르. 실로 오랜만에 아시아 각국의 셰프들과 푸디, 미디어들이 한자리에 모여 Asia’s 50 restaurant가 개최되었다."
332,magazine/332.jpg,인플루언서 칼럼,"봄의 문턱, 3월의 커피 트렌드 by 심재범","스페셜티 커피 전문 매장 노띵커피 시청점, 세계 챔피언 부산 모모스커피의 게스트바리스타, 홈바리스타들에게 인기가 많은 브레빌 코리아의 한국 정식 출범과 신형 가정용 에스프레소 머신을 소개한다."
331,magazine/331.jpg,인플루언서 칼럼,"꽃게, 꽃게무침 그리고 꽃게살 비빔밥 - 류크와 함께하는 남쪽나라 1박 2일","달래, 냉이, 두릅 같은 향긋한 봄나물과 왕밤송이게, 사백어, 벚굴, 도다리쑥국과 같은 먹거리들이 우리를 반긴다. 이들을 압도하는 맛있는 봄음식, 꽃게를 알아보자."
330,magazine/330.jpg,인플루언서 칼럼,2023년 봄맞이 신규 업장: 뉴테이스트 by 김혜준 푸드 콘텐츠 디렉터,"만남과 이별이 교차하는 시기, 2월. 우리가 즐길 수 있는 새로운 음식들과 디저트들을 찾아 소개한다. 더형제, 중심, 매기완탕, 스쿠퍼젤라또가 그 주인공이다."
329,magazine/329.jpg,블루리본 소식,"삼성생명, 블루리본과 ‘Let's 건강맛집’ 캠페인 전개",삼성생명은 한국을 대표하는 맛집 가이드 블루리본과 함께 ‘삼성생명×블루리본 Let's 건강맛집 캠페인’을 전개한다고 15일 밝혔다.
328,magazine/328.jpg,인플루언서 칼럼,2023년 2월의 특별한 스페셜티 커피 매장들 by 심재범,"떡과 스페셜티 커피라는 새로운 콘셉트를 선보였던 자하, 망원동의 새로운 커피 매장 도래노트와 블루보틀 명동점. 한국에서 가장 특별한 오마카세 커피를 선보이는 기미사의 새로운 페어링 칵테일 메뉴."
325,magazine/325.jpg,인플루언서 칼럼,"전남 동부의 중심, 순천에서의 1박 2일 - 류크와 함께하는 남쪽나라","인기 관광지인 여수의 그늘에 가려져 있지만, 사실 순천은 전남 동부의 중심이며 전남에서 가장 인구가 많은 도시인데다 배산임수의 지형을 지니고 있어 볼거리도 먹을거리도 많은 여행하기 좋은 지역이다."
323,magazine/323.jpg,특집기사,나는 어떤 미식 토끼일까? – MBTI로 보는 나의 미식 성향  ​,나는 어떤 미식 스타일을 가졌을까? 검은 토끼 해를 기념하여 블루리본에서 미식 토끼 MBTI 테스트를 출시하였습니다.
322,magazine/322.jpg,인플루언서 칼럼,차분하게 시작하는 2023년의 신규 업장: 뉴테이스트 by 김혜준 푸드 콘텐츠 디렉터,"연말의 분주했던 분위기와 사뭇 다르게 차분하게 시작하는 2023년. 단아하게 차려내는 맡김 차림의 한식 레스토랑과 동네에 숨겨진 보석 같은 빵집, 부산에서의 기세를 몰아 성수동 양꼬치 거리에 입성한 사천요리 전문점과 뉴욕의 힙한 감성을 그대로 담아 온 커피 브랜드까지."
321,magazine/321.jpg,뉴스,"창의적 노력으로 세계적 미식 유행을 이끄는 해외 우수 한식당 8곳 - 농식품부, 해외 슈퍼스타 한식당 8개소 지정","8개의 해외 한식당이 정부에서 인정하는 우수 한식당으로 선정되었다. 뉴욕의 <정식>, <아토믹스>, <윤해운대갈비>, 파리의 <순그릴마레>, <종로삼계탕>, <이도>, 그리고 도쿄의 <윤가>, <하수오>가 그 주인공."
320,magazine/320.jpg,인플루언서 칼럼,"2023년 새해에 만나는 신규 매장, 커피트렌드 by 심재범","2023년 새해에도 새로운 매장들이 커피 애호가들에게 사랑을 받고 있다. 커피 리브레에서 품질을 담당하던 유종규 씨의 로익스 커피가 서강대 후문 신수동에 자리를 잡았고, 뉴욕의 대표적인 로컬 스페셜티 버치커피는 성수동 유리 공장 자리에 문을 열었다. 이외에 최근에 방문했던 브루잉 세레모니의 커피와 커뮤니케이션이 인상적이었다."
319,magazine/319.jpg,인플루언서 칼럼,개화기 테마파크와도 같은 군산에서의 1박 2일 - 류크와 함께하는 남쪽나라,올해 겨울은 추워도 너무 춥다. 눈도 많이 오고 교통도 불편해 멀리 여행가는 것은 조금 부담스럽다. 그러니 이번에도 조금 가까운 곳으로 가보자. 지난 달 소개했던 익산 바로 옆의 군산이다.
318,magazine/318.jpg,인플루언서 칼럼,2022년을 마무리하는 12월의 신규 업장: 뉴테이스트 by 김혜준 푸드 콘텐츠 디렉터,"분주한 12월에 새로이 선보이는 뉴 테이스트들은 휴135, 세스타의 김세경 셰프가 새로운 도전을 펼친 다온 반상, 프렌치 전통의 고집스러운 빵들을 만들어 내는 작은 빵집 바게틴, 효뜨, 꺼거에 이은 프랜차이즈 씬으로의 도전을 꾀하는 남준영 셰프의 굿손 압구정점, 요즘 새로운 인기 상권 대열에 들어선 용산, 삼각지 존에서 소리 소문 없이 입소문을 내고 있는 디저트 카페 스톡드 까지"
317,magazine/317.jpg,인플루언서 칼럼,"커피 업계의 한해를 정리하는 12월의 커피 소식, 커피트렌드 by 심재범",지난 11월 말 코엑스에서 열린 카페쇼에 다양한 커피 업체들이 참여하여 역대 최고 규모 관람객들의 기대에 한껏 부응하였다. 이번에는 카페쇼를 중심으로 2022년 커피트렌드를 정리하고 2023년 커피 산업의 방향을 간단히 예측하고자 한다.
315,magazine/315.jpg,레스토랑 & 카페,분위기 좋은 브런치 카페 겸 와인바,"모임이 많은 12월, 연말에 방문하면 좋을 곳으로 브런치 카페 겸 와인바 6곳을 소개합니다. 꽁티드툴레아, 내추럴하이, 디핀옥수, 베르트, 쇼니노, 휴고도산입니다."
316,magazine/316.jpg,인플루언서 칼럼,류크와 함께하는 남쪽나라 1박 2일 - 익산편,"생각보다 익사이팅 한 익산에서의 1박 2일 - 진미식당, 한일식당, 시장비빔밥에서 맛보는 황등비빔밥, 이탈리아 여행을 온 듯한 와인바 마띠나, 와인비스트로 이딸, 야래향의 물짜장면, 그리고 풍성제과의 찹쌀빵으로 마무리."
314,magazine/314.jpg,레스토랑 & 카페,가성비 좋은 한우 오마카세 프라이빗하게 즐기기,"최상급 한우를 가성비 좋은 코스 구성으로 내어주면서 인기몰이를 하고 있는 한우 오마카세 레스토랑 7곳을 소개합니다. 미티크, 비플리끄그릴, 소와나, 아트스페이스우월, 우마담, 우모크, 이속우화천공입니다."
312,magazine/312.jpg,인플루언서 칼럼,초겨울 입맛을 돋구는 11월의 신규 업장: 뉴테이스트 by 김혜준 푸드 콘텐츠 디렉터,"찬바람이 몸을 움츠리게 하는 겨울의 초입에 온기를 회복시켜 줄 신규매장 로다, 보보식당, 비스킷플로어, 어물전청을 소개한다."
313,magazine/313.jpg,뉴스,<라 리스트 2023> 월드 TOP 1000 레스토랑 발표,"세계 최고의 레스토랑으로 ‘기 사부아’, ‘르 베르나르댕’, ‘프란첸’ 99.5점 공동 1위 선정한국의 ‘라연’, ‘밍글스’, ‘모수’ 한국 최초 95점을 획득하여 TOP 200대 레스토랑 선정1000위 권 내 한국의 레스토랑 36곳 이름 올려"
311,magazine/311.jpg,인플루언서 칼럼,"커피 산업이 가장 분주한 11월의 새로운 소식, 커피트렌드 by 심재범","커피 산업이 가장 분주한 11월, 대구 삼덕동에 위치한 수평적관계, 서울 한남동의 에이프릴 서울 1호점, 양재동의 떼르드까페 서울 1호점이 크게 화제가 되고 있으며, 구테로이테 수유 매장에서 2022년 에어로프레스 챔피언 선발전이 성황리에 열렸다."
310,magazine/310.jpg,뉴스,"한국 최초의 영문 커피 가이드, 《KOREA SPECIALTY COFFEE GUIDE》","한국의 스페셜티 커피를 소개하는 <코리아 스페셜티 커피 가이드>의 영문판이 출간되었다. 영국인 커피 애호가 찰스 코스텔로와 조원진, 심재범 작가가 고심 끝에 선정한 스페셜티 카페 82곳이 이책에 자세히 실려 있다."
309,magazine/309.jpg,인플루언서 칼럼,"커피의 계절 10월의 새로운 소식, 커피트렌드 by 심재범","퍼센트 아라비카 커피 한국 1호점, 서울 도심 최초의 공유 로스터 체리빈 커피가 문을 열었고, 부산 베르크 커피의 리뉴얼 후 행사가 화제 되었다."
308,magazine/308.jpg,특집기사,제주에서 떠나는 세계맛집 여행 by 제주관광공사x블루리본서베이,블루리본서베이가 제주관광공사와 함께 제주에서 맛볼 수 있는 세계 요리 맛집을 소개합니다.
307,magazine/307.jpg,인플루언서 칼럼,서늘한 바람이 불어오는 10월의 신규 업장: 뉴테이스트 by 김혜준 푸드 콘텐츠 디렉터,서늘한 바람이 불기 시작하면서 맛있는 버터향이나 불에 익어가는 고기의 향이 더욱 깊숙이 마음을 흔드는 계절이 왔다. 이 시기에 리뉴얼과 오픈을 선택한 식당들을 소개한다.
306,magazine/306.jpg,인플루언서 칼럼,리얼 떡갈비 맛집 in 남도 - 류크와 함께하는 남쪽나라 1박 2일 ③,"떡갈비에 대한 편견을 깨기 위해 준비하였다. 동그랑땡인지 함박 스테이크인지 애매한 그런 떡갈비 말고 둘이 먹다 하나 죽어도 모를, 진짜 맛있는 남도의 리얼 떡갈비집들."
305,magazine/305.jpg,레스토랑 & 카페,2023년 서울의 주목할 만한 새 맛집: ③세계 음식 & 한식,"2023년 주목할 만한 새 맛집 세 번째 편에서는 한식을 포함하여 중식, 일식, 동남아식, 장르를 초월한 다국적 음식 등 국내외 여러 지역의 요리들을 맛볼 수 있는 세계 음식 맛집들을 선정하여 소개해 드립니다."
304,magazine/304.jpg,레스토랑 & 카페,2023년 서울의 주목할 만한 새 맛집: ② 캐주얼 다이닝 & 와인바,<서울의 맛집 2023>에는 올 한해 오픈과 동시에 주목을 받은 독창적이고 새로운 장르의 맛집이 많이 실려있습니다. 2023년 주목할 만한 새맛집 두 번째 편에서는 셰프의 개성 있는 음식과 공간이 돋보이는 캐주얼 다이닝과 와인바를 소개해 드립니다.
303,magazine/303.jpg,레스토랑 & 카페,2023년 서울의 주목할 만한 새 맛집: ① 파인 다이닝 레스토랑,<서울의 맛집 2023>에는 주목할 만한 서울의 레스토랑이 많이 수록되어 있습니다. 첫 번째 편으로는 2023년에 주목할 만한 파인다이닝이나 하이엔드 레스토랑을 소개해 드립니다.
302,magazine/302.jpg,레스토랑 & 카페,2023년 서울 최고의 맛집: ② 전년도에 이어 블루리본 세 개를 유지한 맛집,"우리나라 최초이자 최고의 맛집 평가서인 <서울의 맛집 2023>에는 1,574개의 식당이 수록되어 있으며, 그 중에  리본 세 개 맛집은 총 42개입니다. 지난 해에 이어 올 해도 블루 리본 세 개를 유지한 서울 최고 맛집을 소개합니다."
301,magazine/301.jpg,공지사항,﻿<서울의 맛집 2023> 서평단을 모집합니다,"﻿블루리본서베이가 맛집 안내서 <서울의 맛집 2023>을 출간하면서, 서평단을 모집합니다. 국내 최고의 맛집가이드 <서울의 맛집 2023> 서평단에 많은 지원 바랍니다!"
300,magazine/300.jpg,레스토랑 & 카페,2023년 서울 최고의 맛집: ① 새로 선정된 블루리본 세 개 맛집,"올해에 선정된 42개의 리본 세 개 맛집 중에서 새롭게 이름을 올린 5곳을 소개합니다. 중식당 다이닝마, 컨템로러리 레스토랑 세븐스도어와 알라프리마, 뉴코리안 파인다이닝 이타닉가든, 손웅식 셰프의 스시야 키즈나입니다."
299,magazine/299.jpg,블루리본 소식,<블루리본서베이: 서울의 맛집 2023>이 출간되었습니다,"<블루리본 서베이: 서울의 맛집> 2023년판에서는 다이닝마, 알라프리마, 세븐스도어, 이타닉가든, 키즈나 등 새로 최고 점수인 리본 세 개를 받은 맛집을 포함하여 1,574개의 맛집을 소개합니다."
298,magazine/298.jpg,인플루언서 칼럼,"가을의 초입에 전하는 9월의 새로운 소식, 커피트렌드 by 심재범","가을의 초입, 커피업계 전반적으로 새로운 소식이 많다. 브루잉 커피 챔피언의 코스피어, 공릉의 자랑 비스킷플로어, 어니언의 광장시장 매장, 모모스커피 서울 아트선재센터 팝업, 비건밀크를 상징하는 오틀리의 행사를 소개한다."
297,magazine/297.jpg,레스토랑 & 카페,비건 라이프를 위한 신상 카페 & 레스토랑,"오늘은 건강과 환경을 위한 비건 라이프를 실천해 보는 건 어떨까요? 비건을 맛있고 건강하게 즐길 수 있는 신상 카페 & 레스토랑 6곳을 소개해 드리려고 합니다. 리틀갱스터, 비건다움, 음이터리앤베이커리, 천년식향, 포리스트키친, 푸드더즈매터입니다.(가나다 순)"
296,magazine/296.jpg,인플루언서 칼럼,류크와 함께하는 남쪽나라 1박2일 ② – 광주 편,"날씨가 선선해지고 입맛이 돌아왔으니 전라도의 개미를 느끼러 광주로 향해보자. 연화식당, 알랭, 라롱드꺄레, 오보에루, 라비올레따, 충장빈대떡집, 영미오리탕, 까사델커피를 소개한다."
295,magazine/295.jpg,레스토랑 & 카페,제주에서 만나는 신상 프렌치 레스토랑,"제주에서 수준 높은 프렌치를 맛볼 수 있는, 오픈한 지 1~2년 이내의 신상 프렌치 레스토랑 6곳을 소개합니다. 가스트로관수, 뤼미에흐, 르부이부이, 리스투아, 봉플라봉뱅, 에르미타주 입니다."
294,magazine/294.jpg,인플루언서 칼럼,풍성한 가을을 기다리는 8월의 신규 업장: 뉴테이스트 by 김혜준 푸드 콘텐츠 디렉터,"추석 명절을 앞두고 오곡백과가 무르익어 가듯 신규 업장들의 오픈 소식도 풍성하다. 한우 소풍의 새로운 파스트라미 샌드위치 브랜드 닙스, 한식 핫플레이스 배산임수, 6번째 지점을 서울에 오픈한 부베트. 맛좋은 빵집 에브리 코너 바이트, 청키면가가 선보이는 58 호키엔 소바를 소개한다."
293,magazine/293.jpg,인플루언서 칼럼,"여름의 절정에 선보이는 8월의 신규 매장, 커피트렌드 by 심재범","펠트커피가 판교 카카오 본사에 매장을 오픈했고, 하청비 바리스타의 청년커피랩 5기 매장이 신세계 강남 파미에스테이션에 자리를 잡았다. 이외에 지난 6월 밀라노에서 열린  WCTC에서 우승을 차지하고 돌아온, 문헌관 바리스타 특별 인터뷰를 진행했다."
291,magazine/291.jpg,인플루언서 칼럼,류크와 함께하는 남쪽나라 1박 2일① – 목포 편,국내에도 볼 것도 많고 먹을 것도 많고 즐길 것도 많다. 이번 여름부터는 식도락으로 테마를 정하고 남쪽나라로 1박 2일 여행을 함께 떠나보자.
290,magazine/290.jpg,공지사항,<2022 해외 우수 한식당 지정> 신청 안내,"한식진흥원에서는 올해 처음으로 뉴욕, 파리), 도쿄 내에서 운영 중인 해외 한식당을 대상으로 우수 한식당 지정 사업을 실시합니다. 해외에서 한식당을 운영하는 분들의 많은 관심과 신청 부탁드립니다."
289,magazine/289.jpg,레스토랑 & 카페,전국의 소문난 갈빗집 로드,"한국인에게 가장 사랑받는 외식 중 하나인 '갈비'.  짧게는 5~6년에서 길게는 70여 년에 이르는 노포 까지, 지역의 맛집으로 자리 매김 하며 높은 인기를 누리고 있는 전국의 갈비 맛집을 소개합니다."
287,magazine/287.jpg,레스토랑 & 카페,"초록과 만나는 힐링 타임, 숲 전망 카페","전국적으로 소나무, 배나무, 은행나무 등으로 만들어진 숲 배경의 카페들이 많이 생겨나고 있는데요. 무더운 여름, 자연 속에서 힐링하기 좋은 전국의 숲 카페 10곳을 소개합니다."
288,magazine/288.jpg,인플루언서 칼럼,풍성한 여름을 즐길 수 있는 7월의 신규 업장: 뉴테이스트⑮ by 김혜준 푸드 콘텐츠 디렉터,"더위와 맞서 싸워야 하는 7월에는 청량함을 담은 요리나 디저트를 찾게 된다. 빈호, 우정, 라이프브레드, 스위피, 핀즈까지, 풍성한 여름을 즐길 수 있는 뉴 테이스트들을 소개한다."
286,magazine/286.jpg,인플루언서 칼럼,"7월의 무더위 속에 선보이는 신규 매장, 커피트렌드 by 심재범","찌는 듯한 무더위 속에서도 다양한 스페셜티 커피 매장들이 선을 보이고 있다. 이동호 바리스타의 커피바 <그로니>, 베를린 <보난자커피>의 한국 현지 로스터리, <피어커피>의 신규 매장과 함께 커피 산업의 협업 소식을 소개한다."
285,magazine/285.jpg,레스토랑 & 카페,푸르른 바다 전망이 펼쳐지는 휴양지 카페,"푸른 바다가 유혹하는 본격적인 휴가철을 앞두고 있습니다. 휴양지 바닷가에서 만날 수 있는 아름다운 풍경을 품은 바다 전망 카페, 9곳을 소개해 드립니다."
284,magazine/284.jpg,레스토랑 & 카페,"한 여름 밤의 로맨틱 초이스, 재즈 라이브를 즐길 수 있는 바 & 다이닝","JW메리어트 동대문스퀘어 서울의 더그리핀바, 청담동의 유명한 라이브바 겟올라잇이 한강의 아름다운 뷰와 함께 문을 연 무드서울 바이 겟올라잇, 삼성동에 위치한 고급스러운 분위기의 칵테일바 삼성리, 홍콩 등지에서 유명한 칵테일바인 아이언페어리즈의 서울 분점, 이탈리안 요리와 함께 화려한 재즈 퍼포먼스를 즐길 수 있는 청담나인, 5곳을 소개합니다."
283,magazine/283.jpg,레스토랑 & 카페,2022 NEW 용산 맛집 로드,"삼각지와 남영동은 오래된 맛집이 포진하고 있는 곳이지요. 최근, 이 두 지점을 잇는 신상 핫플레이스들이 대거 등장하면서 신용산로드로 각광을 받고 있습니다. 신용산 맛집 지도로 신상 맛집을 만나보세요."
280,magazine/280.jpg,인플루언서 칼럼,맛의 보물섬을 찾아 나서는 6월의 신규 업장: 뉴테이스트⑭ by 김혜준 푸드 콘텐츠 디렉터,"6월의 신규 업장으로, 엄태준 셰프의 다이닝 레스토랑 솔밤, 골드피쉬의 수제 만두 전문점 골피식당, 이원석 셰프의 다이닝 레스토랑 매튜, 서촌의 타코 전문점 벨라 또띠아, 만리동 칵테일바 포어포어포어 등 5곳을 만나 보자."
279,magazine/279.jpg,레스토랑 & 카페,다양한 모습으로 진화하는 신상 베이글 전문점,뉴욕을 비롯한 여러 도시에서 인기를 끈 베이글 전문점들과 현지 감성과 맛을 그대로 재현하는 오픈한 지 1~2년 내외의 신상 베이글 전문점 7곳을 소개해 드립니다.
278,magazine/278.jpg,인플루언서 칼럼,커피 애호가들에게 반가운 6월의 커피 업계 소식: 커피 트렌드⑦ by 심재범,"2022년 한국바리스타챔피언십(KNBC) 최종전에서 디폴트밸류의 신창호 바리스타가 우승을 차지했다.  토츠커피뉴욕이 새롭게 선보이는 게이샤 커피 오마카와 로우키 송정점, 구테로이테 수유 에피소드 신규 매장도 함께 소개한다."
277,magazine/277.jpg,레스토랑 & 카페,미식가의 입맛을 저격할 프리미엄 샌드위치 전문점,"이번에는 프리미엄 샌드위치를 맛볼 수 있는 샌드위치 전문점을 소개합니다. 렌위치, 베카프리미엄델리샵, 싸일러용산, 알리스샌드위치, 큐뮬러스 등 5곳을 만나보세요."
276,magazine/276.jpg,레스토랑 & 카페,경복궁 나들이를 더욱 즐겁게 할 신상 맛집,"경복궁 인근 나들이를 계획하는 분들 계신가요? 한식, 중식, 멕시코식, 그리고 커피와 디저트, 와인바까지 다양한 신상 맛집 리스트를 준비하였답니다. 고궁과 한옥 사잇길을 천천히 걸으면서 아름다운 추억을 쌓아보세요~"
275,magazine/275.jpg,레스토랑 & 카페,와인과 함께 캐주얼 다이닝을 즐길 수 있는 서울의 신상 와인 바,좋은 음식과 분위기로 여름 밤의 낭만을 즐길 수 있는 서울의 신상 와인바 8곳을소개해 드립니다.
274,magazine/274.jpg,인플루언서 칼럼,여름을 기다리는 5월의 신규 업장: 뉴테이스트⑬ by 김혜준 푸드 콘텐츠 디렉터,초록의 녹음을 즐기며 여름을 기다리고 있다.  푸르른 봄날의 끄트머리에 서서 맛있는 리듬을 즐길 수 있는 곳 5곳을 소개한다.
272,magazine/272.jpg,인플루언서 칼럼,가정의 달 5월의 스페셜티 커피 업계 소식: 커피 트렌드⑥ by 심재범,"가정의달 5월, 스페셜티 커피 업계에 신규 업장과 풍성한 행사 소식이 있었다. 신규 업장 보헤이커피와 네마커피, 그리고 신간 출판 기념 게스트 바리스타 행사를 소개한다."
271,magazine/271.jpg,레스토랑 & 카페,모던한 분위기의 안주가 좋은 한식주점,한식을 베이스로 하는 젊은 셰프들의 독창적인 요리와 함께 전통주를 즐길 수 있는 모던한 한식주점 6곳을 소개합니다~
270,magazine/270.jpg,레스토랑 & 카페,2022년 전국의 주목할 만한 새 맛집②:  커피전문점 & 베이커리 편,블루리본 서베이 <전국의 맛집2022>에 실려있는 오픈한 지 1년 내외의 주목할 만한 새 맛집 중에서 이번 편에서는 커피전문점과 베이커리를 소개합니다.
269,magazine/269.jpg,레스토랑 & 카페,2022년 전국의 주목할 만한 새 맛집①: 레스토랑 편,"블루리본 서베이 <전국의 맛집2022>에는 오픈한 지 1년 내외의 주목할 만한 새 맛집이  수록되어 있습니다. 첫 번째 편에서는 다양한 장르의 레스토랑을, 두 번째 편에서는 베이커리와 커피전문점을 소개해 드리려고 합니다."
268,magazine/268.jpg,인플루언서 칼럼,재야의 고수를 재발견하는 기쁨 :  주당클럽의 미식플렉스 ⑤,"전통의 강자, 혹은 재야의 고수를 못 알아봤다는 건 상당히 성질나는 일이다. 심지어 이번처럼 처음 들어보거나 새로 발견한 맛집의 경우에는 더더욱. 이번 달은 태성집, 이남장, 이타닉가든, 호빈을 찾아가 본다."
267,magazine/267.jpg,레스토랑 & 카페,2022년 전국 최고의 맛집 ③ : 블루리본 2개를 받은 전국 맛집-남부지역 편,"세번 째 편에서는 <전국의 맛집 2022>에서 리본 2개를 받은  남부 지역의 맛집을 소개해 드립니다. 경상도 9곳, 전라도 26곳, 제주도 18곳를 포함한  53개의 식당입니다."
266,magazine/266.jpg,인플루언서 칼럼,봄꽃과 함께 찾아온 4월의 스페셜티 커피 업계 소식: 커피트렌드⑤ by 심재범,"4월에는 새롭게 문을 연 뉴웨이브 카페, 엘카페의 신규 매장 소식과 함께 상반기의 대표적인 커피 전시회인 커피 엑스포를 통해 커피 산업 현황 소식을 전한다."
265,magazine/265.jpg,레스토랑 & 카페,2022년 전국 최고의 맛집 ② : 블루리본 2개를 받은 전국 맛집-중부지역 편,"두번 째 편에서는 <전국의 맛집 2022>에서 리본 2개를 받은  중부 지역의 맛집을 소개해 드립니다. 경기도 19곳, 강원도24곳, 충청도 14곳를 포함한  57개의 식당입니다.(가나다 순)"
264,magazine/264.jpg,인플루언서 칼럼,봄의 절정에 문을 연 4월의 신규 업장: 뉴테이스트⑫ by 김혜준 푸드 콘텐츠 디렉터,"밥상 위에 봄 식재료로 기분을 내보기도 하는 요즘, 새로운 콘셉트와 브랜드들이 앞다투어 오픈하는 2022년 2분기를 보내며 뉴테이스트를 찾아 보았다."
263,magazine/263.jpg,공지사항,<전국의 맛집 2022> 서평단을 모집합니다.,국내 최고의 맛집 평가서 <전국의 맛집 2022> 의 독자 서평단에 많은 지원 바랍니다 .
262,magazine/262.jpg,레스토랑 & 카페,2022년 전국 최고의 맛집 ① : 블루리본 2개를 받은 전국 맛집-광역시 편,"<전국의 맛집 2022>에 선정된 3,372개의 맛집 중에서 리본 2개를 받은 145곳을 3회에 걸쳐 소개해 드립니다.첫 회는 부산광역시를 비롯한 전국의 여러 광역시에서 리본 2개를 받은 35개의 식당입니다.(가나다 순)"
261,magazine/261.jpg,블루리본 소식,<블루리본서베이: 전국의 맛집 2022>  출간,"우리나라 최초의 맛집 평가서 블루리본서베이가 올해도 <전국의 맛집 2022년> 판을 선보인다.  3만 명이 넘는 독자들의 평가를 바탕으로, 서울을 제외한 전국의 수준 있는 맛집을 지역별로 소개하고 있다."
260,magazine/260.jpg,인플루언서 칼럼,"혁신을 통한 성장의 예, 두 군데 : 주당클럽의 미식플렉스④","코시국으로 인해 외식업의 판도가 많이 바뀐 양상이다. 이번에는 현재 대한민국에서 혁신을 통한 성장과 그로 인해 많은 사랑을 받게 된 두 식당에 대해 집중 조명해볼까 한다. 작고 특색 있는 소형 점포로 사랑을 받는 곳과 대형 규모지만 시장판도를 바꾸는 곳, 두 가지 방향에서 이야기해 보겠다."
259,magazine/259.jpg,뉴스,<아시아 50 베스트 레스토랑 2022> 순위 발표,아시아 최고의 레스토랑 50곳을 선정하는 아시아50베스트레스토랑 2022(Asia’;s 50 best restaurants 2022)의 순위가 지난 3월 29일에 온라인 행사로 발표됐다.
257,magazine/257.jpg,인플루언서 칼럼,봄을 맞이하는 3월의 스페셜티 커피 업계 소식: 커피트렌드④ by 심재범,"이번에는 봄을 맞이하여, 소셜미디어에서 뜨거운 반응을 얻고 있는 폰트커피 문래점과 패션 디저트 누데이크의 스페셜티 커피 라인업, 기타 스페셜티 커피 업계 소식을 소개한다."
256,magazine/256.jpg,인플루언서 칼럼,"화창한 날씨에 마음이 설레는 계절, 신규 업장과 업계 소식: 뉴테이스트⑪ by 김혜준 푸드 콘텐츠 디렉터","위스키 크루아상으로 인기 급상승한 용산 언덕 위의 작은 빵집 락희, 또 다른 테마와 콘셉트로 새단장 한 조선팰리스의 이타닉 가든. 싱가포르의 치킨 라이스를 좋아하는 사람들을 열광시킨 원디그리노스에서의 메뉴들과 마일로 한잔, 그리고 갤러리아 고메494에 새롭게 자리를 잡은 이치에 to go"
255,magazine/255.jpg,뉴스,"아시아 50 베스트 레스토랑 2022, 한국의 정관 스님이 아이콘 어워드에 선정",아시아 최고의 레스토랑 50곳을 선정하는                       의 ‘아이콘 어워드’ 수상자로 한국의 정관 스님이 선정되었습니다.
254,magazine/254.jpg,레스토랑 & 카페,"여행의 추억⑦: 자연과 문명, 그리고 맛의 탐험, 중남미편","거대한 자연과 문명, 그리고 정열이 있는 중남미의 맛과 낭만에 빠질 수 있는 레스토랑 6곳을 소개합니다."
253,magazine/253.jpg,인플루언서 칼럼,커피 산업 복귀를 알리는 2월의 스페셜티 커피 업계 소식: 커피 트렌드③ by. 심재범,"이번 명절 연휴에는 많은 스페셜티 커피 업체들이 영업을 재개하여, 커피 산업이 조금씩 이전의 모습으로 복귀를 준비 중이다."
251,magazine/251.jpg,인플루언서 칼럼,유학파의 귀환 : 주당클럽의 미식플렉스 ③,"새해에는우연히 유학파 셰프의 업장을 많이 다녔더라. 유학을 하고 왔다고 해서 반드시 더 잘한다고 단정지을 수는 없지만, 확실히 다양한 경험과 스펙트럼이 주는 복잡 미묘한 차이는 분명 존재한다고 생각한다."
250,magazine/250.jpg,인플루언서 칼럼,화사한 봄을 그리워하는 마음을 담은 2월의 신규 업장: 뉴테이스트⑩ by 김혜준 푸드 콘텐츠 디렉터,"맛있는 쉼표와 느낌표를 일상에 더할 수 있는 2월의 뉴테이스트로, 강민철 레스토랑, 밀레볼레, 바캉스 프로젝트, 씨와이 파티세리를 소개한다."
249,magazine/249.jpg,레스토랑 & 카페,전국의 신흥 평양냉면 강자,평양냉면을 찾는 이들이 꾸준히 늘어나고 있는데요. 전국 각 지역에도 새롭게 떠오르는 평양냉면 전문점들이 등장했답니다.
248,magazine/248.jpg,레스토랑 & 카페,"고기 러버의 또다른 선택, 스모크 바비큐",장시간 천천히 훈연해 풍부한 육향과 육질을 맛볼 수 있는  바비큐의 참맛을 즐겨보세요. 스모크 바비큐를 만날 수 있는 바비큐 전문점 5곳을 소개합니다.
247,magazine/247.jpg,인플루언서 칼럼,2022년 새해를 여는 1월의 스페셜티 커피 업계 소식: 커피 트렌드② by 심재범,2022년 새해에는 커피 업계에 굵직한 소식이 많다. 1월의 스페셜티 커피 업계와 새로운 시작을 하는 매장들을 살펴보려고 한다.
246,magazine/246.jpg,공지사항,"블루리본서베이 x 마이리틀셰프, ‘블루리본 한정판 패키지’ 이벤트",블루리본서베이가 1월 25일부터 3월 6일까지 총 6주간 그램퍼스의 요리 시뮬레이션 게임인 ‘마이리틀셰프’와 제휴 이벤트를 펼칩니다.
245,magazine/245.jpg,인플루언서 칼럼,2022년을 힘차게 시작하는 1월의 신규 업장: 뉴테이스트 ⑨ by 김혜준 푸드 콘텐츠 디렉터,"매달 새로운 맛을 찾아 고군분투하지만, 맛에 대한 진정한 고민이 담겨 있는 각양각색 개성이 돋보이는 업장들을 찾았다."
244,magazine/244.jpg,인플루언서 칼럼,J 키친을 아십니까 : 주당클럽의 미식플렉스 ②,모 대기업 총수께서 직접 요리하는 J 키친. 이분은 미식가로도 유명하고 요리를 취미 삼아 스트레스를 푸는 수단으로 잘 이용하는 것으로도 유명하다.
243,magazine/243.jpg,레스토랑 & 카페,서울의 에스프레소 바 열풍,"새롭게 문을 연 에스프레소 바들이 주목받고 있는데요. 스탠딩 바에서 커피의 본질을 즐기는 에스프레소의 매력, 궁금하지 않으신가요?"
242,magazine/242.jpg,인플루언서 칼럼,돼지고기의 뉴 웨이브: 주당클럽의 미식플렉스 ①,"고기에도 여러 종류가 있지만, 요즘 특히 유행하는 돼지고기에 대해 한번 이야기를 해보려 한다. 약 10여 년 전 모 식당에서 숙성을 외치며 유행하기 시작한 고깃집의 대세론이 확장되며 소고기는 물론 돼지 전문점의 형태도 다양하게 진화하고 있다."
241,magazine/241.jpg,레스토랑 & 카페,"로컬 푸드의 물결, 자연주의 레스토랑","최근에는 우리나라에서도 로컬 푸드를 지향하는 자연주의 레스토랑을 볼 수 있게 되었습니다.  환경을 보호하고, 몸과 마음이 힐링되는 건강한 음식과 만나보는 건 어떨까요?"
240,magazine/240.jpg,레스토랑 & 카페,"뜨끈하게 즐기는 국물, 주목할 만한 신흥 탕(湯) 전문점",차가운 바람이 불어오는 겨울이에요. 이렇게 추운 날엔 뜨끈뜨끈한 국물이 생각나죠.  탕 한 그릇으로 속을 든든하게 채워줄 신흥 탕 전문점 6곳을 소개합니다.
239,magazine/239.jpg,인플루언서 칼럼,12월 신규 커피 매장과 스페셜티 커피 업계 소식: 커피 트렌드① by. 심재범,스페셜티 커피가 대중화된 문화로 바람이 불고 있다. 지금은 차별화된 로스팅과 블렌딩 방법으로 각각 개성 있는 커피를 선보이는 시대다.
238,magazine/238.jpg,레스토랑 & 카페,평양냉면 계 신흥 강자,평양냉면이 겨울 제철 음식이라는 사실 알고 계시나요? 다양한 연령층의 입맛을 사로잡은 신흥 평양냉면 전문점을 소개해 드릴게요~
237,magazine/237.jpg,인플루언서 칼럼,겨울의 맛과 온기를 찾아 나서는 12월의 신규 업장: 뉴테이스트⑧ by 김혜준 푸드 콘텐츠 디렉터,겨울의 맛을 찾아 다양한 12월의 신규 업장에서 뉴테이스트를 즐겨 보자.
236,magazine/236.jpg,레스토랑 & 카페,"용산 핫플레이스, 고깃집 로드",트렌디한 스타일의 고깃집이 곳곳에 자리 잡고 있는데요. 줄 서서 먹을 만큼 꾸준히 주목받고 있는 고깃집들이 있답니다.
235,magazine/235.jpg,뉴스,<라 리스트 2022> 월드 TOP 1000 레스토랑 발표,매년 세계 최고의 레스토랑 1000곳을 선정하는 <라 리스트 LA LISTE>가 11월 29일 세계 랭킹 TOP 1000 레스토랑을 발표했다.
234,magazine/234.jpg,레스토랑 & 카페,와인바에서 즐기는 다이닝,"깊어가는 가을 저녁, 소중한 사람과 분위기 있게 즐기는 와인 한 잔이 생각나는 계절입니다.  다이닝이 가능한 와인바, 다섯 곳을 소개합니다."
233,magazine/233.jpg,인플루언서 칼럼,<2021 서울 카페쇼>를 통해 바라본 향후 커피 업계의 전망,매년 11월 코엑스에서 열리는 서울 카페쇼가 드디어 20주년을 맞이했다.  2021년 카페쇼에 참여한 커피 전문 업체들을 살펴보고 향후 커피 업계의 방향 및 전망을 예측해 보고자 한다.
232,magazine/232.jpg,레스토랑 & 카페,"따뜻하게  즐기는  별미, 정통 일본식 스키야키",차가운 바람이 불어오는 계절이 다가왔네요. 이번에는 따뜻하게 몸을 데워줄 별미 음식으로 정통 일본식 스키야키를 맛있게 즐길 수 있는 스키야키 맛집 다섯 곳을 소개합니다
231,magazine/231.jpg,레스토랑 & 카페,"영원한 작은 사치, 프렌치 디저트",눈부터 즐거워지는 아름다운 자태의 프렌치 디저트의 매력에 빠져보아요~
230,magazine/230.jpg,인플루언서 칼럼,깊어가는 가을의 정취를 느낄 수 있는 11월의 신규 업장: 뉴테이스트⑦ by 김혜준 푸드 콘텐츠 디렉터,"찬바람이 불면서 계절이 바뀐다.  이 어려운 새로 시기에 선보이는 프로젝트의 무거운 중압감과 우려를 날려버릴 수 있도록  많은 관심과 애정으로 채워 줄 수 있기를 바라며, 11월의 신규 업장 네 곳을 소개한다."
229,magazine/229.jpg,레스토랑 & 카페,2022년 서울의 주목할 만한 새 맛집: ④중식당,나날이 발전하는 서울의 미식 문화 속에서 다채로운 중식 요리를 즐겨보세요~
228,magazine/228.jpg,레스토랑 & 카페,2022년 서울의 주목할 만한 새 맛집: ③이탈리안 레스토랑,"도심 속에서 이탈리아의 맛을 즐길 수 있는, 2022년 서울의 주목할 만한 레스토랑 4곳을 만나보세요!"
227,magazine/227.jpg,레스토랑 & 카페,2022년 서울의 주목할 만한 새 맛집: ② 캐주얼 다이닝 레스토랑,2022년에 주목할 만한 고급스럽고 수준 높은 캐주얼 다이닝 레스토랑을  네 곳을 소개합니다.
226,magazine/226.jpg,레스토랑 & 카페,2022년 서울의 주목할 만한 새 맛집: ① 파인 다이닝 레스토랑,"미식가들의 오감을 즐겁게 해줄, 2022년 주목할 만한 서울의 파인 다이닝 레스토랑을 만나보세요!"
224,magazine/224.jpg,레스토랑 & 카페,2022년 서울 최고의 맛집: ② 전년도에 이어 블루리본 세 개를 유지한 맛집,전년도에 이어 서울에서 그분야 최고의 맛집으로 자리를 지킨 리본 세 개  레스토랑을 소개합니다.
225,magazine/225.jpg,공지사항,<서울의 맛집 2022> 서평단을 모집합니다!,"블루리본서베이의 맛집 안내서 <서울의 맛집 2022>이 출간되었습니다. 독자 여러분의 평가에 따라 선정된 1,578개의 서울 맛집을 책 한 권에서 만나보실 수 있습니다."
223,magazine/223.jpg,레스토랑 & 카페,2022년 서울 최고의 맛집: ① 새로 선정된 블루리본 세 개 맛집,"올해 새롭게 리본 세 개를 받은 2022년 서울 최고의 맛집 세 곳을 소개합니다. 컨템포러리 프렌치  라망시크레, 컨템포러리 프렌치  무오키,  한우 오마카세 본앤브레본드입니다."
221,magazine/221.jpg,인플루언서 칼럼,소중한 이와 함께하기 좋은 10월의 새로운 업장: 뉴테이스트  ⑥ by 김혜준 푸드 콘텐츠 디렉터,"묵직한 맛을 가진 음식들로 심신을 추스르며,  소중한 이를 떠올리게 하는 순간순간으로 남을 수 있으면 좋겠다."
222,magazine/222.jpg,블루리본 소식,<블루리본서베이: 서울의 맛집 2022> 출간,최고의 권위를 인정받고 있는 우리나라 최초의 맛집 평가서 <블루리본서베이>가 2021년 10월 <서울의 맛집 2022>을 출간했다. 올해는 총 38개 맛집이 리본 세 개를 받아 서울 최고의 맛집으로 선정되었다.
220,magazine/220.jpg,인플루언서 칼럼,가을의 선선한 바람과 함께 찾아온 9월의 신규 업장: 뉴테이스트⑤ by 김혜준 푸드 콘텐츠 디렉터,"차분한 바람이 불어오는 가을,   탄탄한 콘텐츠를 새로운 시작을 준비하는 곳들을 눈여겨 보자."
219,magazine/219.jpg,인플루언서 칼럼,개성 넘치는 8월의 핫플레이스: 뉴테이스트④ by 김혜준 푸드 콘텐츠 디렉터,"무더운 8월에도 뉴테이스트 맛집들이 선보이고 있다. 개성 넘치는 슬로건과 디자인, 브랜딩의 아이덴티티를 보여주는 방법도 다양하다."
218,magazine/218.jpg,레스토랑 & 카페,제주도로 떠나는 휴양지 카페,제주도에 이국적인 분위기를 풍기는 대형 카페가 곳곳에 있는데요. 휴양지에 온 듯한 느낌을 주어 추억 쌓기도 좋답니다~
217,magazine/217.jpg,레스토랑 & 카페,여행의 추억⑥: 휴양지의 식탁 - 태국편,"무더운 여름, 동남아 휴양지를 떠올리면서 지친 심신을 달래주고 입맛을 돋우는 태국의 식탁을 만나보면 어떨까요?"
216,magazine/216.jpg,레스토랑 & 카페,기장에서 즐기는 탁 트인 오션뷰,"부산의 동쪽 끝에 자리 잡은 기장군은 떠오르고 있는 핫플레이스로, 스타일리시한 호텔과 미식 인프라가 많이 생겨나고 있는 곳이에요. 요즘에는 부산 여행으로 기장군이 더 매력적이랍니다~"
215,magazine/215.jpg,공지사항,서평단을 모집합니다. <대한민국 베스트셀러 여행지+전국 맛집 318>,"다가오는 여름 휴가철, 전국 방방곡곡 여행 계획 세우고 있으신 분들을 위한 여행 가이드북  <대한민국 베스트셀러 여행지+전국 맛집 318> 서평단에 많은 지원 바랍니다~"
214,magazine/214.jpg,인플루언서 칼럼,여름의 맛을 만끽할 수 있는 7월의 신규 업장: 뉴테이스트③ by 김혜준 푸드 콘텐츠 디렉터,7월에 소개하는 신규 업장에서 이 계절에 놓쳐서는 안되는 여름의 맛을 만나보자.
213,magazine/213.jpg,레스토랑 & 카페,여행의 추억⑤: 파스타의 본고장 – 이탈리아편,이탈리아의 아름다운 추억을 기억하면서 파스타를 즐길 수 있는 파스타 전문 맛집 7곳을 소개합니다.
212,magazine/212.jpg,뉴스,뮤지컬 <마리 앙투아네트>와 함께 하는 오감 자극 ‘고메 페스타’,오는 7월 13일 개막을 앞둔 뮤지컬 <마리 앙투아네트>가 서울 시내 유명 프렌치 레스토랑 및 디저트 샵과 함께 ‘고메 페스타’ 콜라보를 진행하며 ‘오감’을 자극하는 색다른 경험을 선사한다.
210,magazine/210.jpg,레스토랑 & 카페,"서해안의 명물, 꽃게장 맛집",볼거리와 먹을거리가 많은 서해안으로 떠나보세요! 꽃게장으로 유명한 맛집이 곳곳에 있답니다.
211,magazine/211.jpg,블루리본 소식,<대한민국 베스트셀러 여행지 + 전국 맛집 318> 출간,"전국 지역별 대표 여행지 1,475곳과 전국 맛집 318곳을 정리한 여행 가이드북 <대한민국 베스트셀러 여행지 + 전국 맛집 318>이 출간되었다.이 책은 맛집 가이드북 <블루리본서베이>에서 발간한 여행 가이드북 시리즈 <블루리본트래블>의 첫 번째 기획물로, 2012년 7월 출간된 <대한민국 베스트셀러 여행지 841 + 전국 맛집 140>의 2차 개정판이다."
209,magazine/209.jpg,인플루언서 칼럼,세계 여행을 테마로 소개하는 6월의 새로운 힙플레이스: 뉴테이스트② by 김혜준 푸드 콘텐츠 디렉터,‘먹어서 세계속으로’ 라는 광고 문구처럼 음식으로 즐기는 세계 여행을 테마로 6월의 새로운 힙플레이스를 소개하고자 한다.
208,magazine/208.jpg,레스토랑 & 카페,"여행의 추억④: 힐링의 시간 – 호주, 뉴질랜드편",블루리본서베이가 바쁜 일상 속 힐링의 시간을 선사할 호주식 브런치 카페 다섯 곳을 소개합니다.
207,magazine/207.jpg,레스토랑 & 카페,"한상 가득한 산해진미, 전라도 한정식","맛도 좋고 담음새도 좋은 산해진미 푸짐한 전라도 한정식, 블루리본 서베이가 추천해드립니다."
206,magazine/206.jpg,인플루언서 칼럼,우리의 일상을 멋스럽게 만들어 줄 새로운 맛집: 뉴 테이스트 ① by 김혜준 푸드 콘텐츠 디렉터,재빠르게 변화하는 외식업계의 흐름 속에서도 깊이 있게 준비해 우리의 일상을 더욱 풍요롭게 만들어 줄 새로 오픈한 곳들을 소개하고자 한다.
205,magazine/205.jpg,레스토랑 & 카페,전국의 역사 깊은 빵지 순례,전국의 유명한 빵집을 찾고 있으신가요?
204,magazine/204.jpg,레스토랑 & 카페,여행의 추억: ③ 미식의 성지 - 스페인편,여행의 추억 세 번째 나라는 스페인입니다.  여행의 향수를 달래줄 서울에 있는 스페인 타파스 맛집 다섯  곳을소개합니다.
203,magazine/203.jpg,레스토랑 & 카페,"강원도 여행의 백미, 막국수",리본 두 개를 받은 강원도 막국수 전문점을 추천해 드립니다.
202,magazine/202.jpg,레스토랑 & 카페,여행의 추억: ② 아메리칸 스타일 - 미국편,블루리본서베이가 미국 여행의 향수를 달래줄 아메리칸 스타일 레스토랑 다섯 곳을 소개합니다.
201,magazine/201.jpg,레스토랑 & 카페,도심에서 벗어난 숲속의 카페,바쁘던 도심 속을 벗어나 잠시 숲길을 거닐면서 자연을 느껴보는 건 어떠신가요?
200,magazine/200.jpg,공지사항,<블루리본서베이: 전국의 맛집 2021>  서평단을 모집합니다!,"전국 맛집 안내서 <전국의 맛집 2021>에서 3만여 명의 독자 평가로 선정된 3,556개의 전국 맛집을  만나보실 수 있습니다.<전국의 맛집 2021> 서평단에 많은 지원 바랍니다."
199,magazine/199.jpg,블루리본 소식,<블루리본서베이: 전국의 맛집 2021> 출간,"우리나라 최초의 맛집 평가서 블루리본서베이가 올해도 <전국의 맛집 2021년> 판을 선보인다.  2005년부터 발행된 블루리본서베이는  3만 명이 넘는 독자들의 평가를 바탕으로, 서울을 제외한 전국의 수준 있는 맛집을 지역별로 소개하고 있다."
198,magazine/198.jpg,레스토랑 & 카페,여행의 추억: ① 미식의 천국 - 프랑스편,블루리본서베이가 여행의 향수를 달래줄 현지 감성의 프렌치 레스토랑 네 곳을 소개해 드립니다.
197,magazine/197.jpg,블루리본 소식,블루리본 추천 맛집을 쿠팡이츠에서 만나보세요!,우리나라 최초의 맛집 가이드 블루리본서베이가 쿠팡이츠에서 우리 동네 블루리본 맛집을  소개해 드립니다.
196,magazine/196.jpg,공지사항,‘윤숙자의 손맛’ <고조리서로 배우는 한식 클래스 1기> 신청자 모집,‘윤숙자의 손맛’이 <고조리서로 배우는 한식 클래스 1기> 무료강좌에 참여할 인플루언서를 모집합니다.
195,magazine/195.jpg,레스토랑 & 카페,서울의 만둣국 맛집,"매서운 겨울 바람이 불어올 때면 생각나는 따끈뜨끈한 우리의 음식, 만둣국이 있습니다. 블루리본서베이 <서울의 맛집 2021>이 추운 겨울에 즐길만한 맛있는 만둣국 맛집을 추천해 드립니다."
194,magazine/194.jpg,레스토랑 & 카페,서울을 대표하는 스페셜티 커피 전문점,<서울의 맛집 2021>에 실린 서울을 대표하는 스페셜티 커피 전문점을 소개합니다. 거대한 커피 시장 속에서도 차별화된 커피의 맛과 서비스로 고객의 사랑을 받고 있는 곳들입니다.
190,magazine/190.jpg,레스토랑 & 카페,2021년 서울의 주목할 만한 새 맛집 – 3편: 캐주얼 맛집,지난 1년간 오픈과 동시에 화제가 되었던  주목할 만한 캐주얼 맛집을  소개합니다!
193,magazine/193.jpg,인플루언서 칼럼,신규 매장 소개: 송훈 대표의 ‘필리스 커피’,바리스타들의 선생님 송훈 대표의 필리스 커피가 창업 1주년이 되었다.  다양한 프로그램과 교육 등으로  개업과 동시에 전국의 수많은 바리스타들이 반드시 방문하는 매장으로 자리 잡았다.
192,magazine/192.jpg,공지사항,<서울의맛집 2021> 독자 서평단 모집,블루리본서베이가 <서울의 맛집 2021> 출간 기념 독자 서평단을 모집합니다.
188,magazine/188.jpg,레스토랑 & 카페,2021년 서울의 주목할 만한 새 맛집 – 2편: 디저트 카페와 커피전문점,지난 1년간 오픈과 동시에 화제가 되었던  디저트 카페와 커피전문점을 소개합니다!​
191,magazine/191.jpg,블루리본아카데미,카페. 생존하려면. <2020 한국 스페셜티 커피 전문가 세미나 제7회>,"10월 29일,  <2020 한국 스페셜티 커피 전문가 세미나> 마지막 강연이  진행되었습니다. “스페셜티 커피, 비즈니스로 성공하기”의 일곱  번째 시간은 이미커피로스터스 이림 대표의 “카페. 생존하려면.”에 대한 두 번째 이야기입니다."
189,magazine/189.jpg,뉴스,이유석 셰프의 홍천한우 쿠킹쇼,"10월 22일, 강원도 사회적경제지원센터에서 주최하는 팸투어가  진행되었다. 이번 행사는 춘천의 관광지 및 문화예술 체험과 홍천 한우 사랑말 및 스타셰프의 쿠킹쇼를 결합한 새로운 형태의 팸투어다."
187,magazine/187.jpg,레스토랑 & 카페,"2021년 서울의 주목할 만한 새 맛집 - 1편: 파인 다이닝, 고급 레스토랑","지난 1년간 독자들 사이에서 오픈과 동시에 큰 화제를 모았던, 2021년 서울의 주목할 만한 새 맛집을 세 차례에 걸쳐 소개합니다. 첫  번째 편은 주목할 만한 파인 다이닝, 고급 레스토랑입니다."
186,magazine/186.jpg,레스토랑 & 카페,독자가 뽑은 2021년 서울 최고의 맛집,블루리본서베이 판 <서울의 맛집 2021>이 출간되었습니다. 독자들이 직접 뽑은 2021년 서울 최고의 맛집 39곳을 지금 만나보세요!​
184,magazine/184.jpg,블루리본 소식,<블루리본서베이: 서울의 맛집 2021> 출간,최고의 권위를 인정받고 있는 맛집 평가서 <블루리본서베이: 서울의 맛집 2021> 가 출간되었다. 올해는 총 39개 맛집이 리본 세 개를 받아 서울 최고의 맛집으로 선정되었다.
185,magazine/185.jpg,블루리본아카데미,카페. 생존하려면. <2020 한국 스페셜티 커피 전문가 세미나 제6회>,"10월 22일 목요일,  <2020 한국 스페셜티 커피 전문가 세미나>가 진행되었습니다. “스페셜티 커피, 비즈니스로 성공하기”의 여섯  번째 시간은 이미로스터스 이림 대표의 “카페. 생존하려면.”에 대한 강연입니다."
183,magazine/183.jpg,블루리본아카데미,한국 스페셜티 커피의 현황 및 특징 <2020 한국 스페셜티 커피 전문가 세미나 제5회>,"10월15일 목요일, 블루리본아카데미에서 주최하는 <2020 한국 스페셜티 커피 전문가 세미나>가  진행되었습니다. “스페셜티 커피, 비즈니스로 성공하기”의 다섯 번째 강연은 심재범 커피 컬럼니스트의 “한국 스페셜티 커피의 현황 및 특징”이었습니다."
182,magazine/182.jpg,블루리본아카데미,"커피몽타주, 한국에서 스몰 로스터리로 살아남기 <2020 한국 스페셜티 커피 전문가 세미나 제4회>","지난 10월 8일 목요일,  <2020 한국 스페셜티 커피 전문가 세미나>가  진행되었습니다. “스페셜티 커피, 비즈니스로 성공하기”의 네 번째 시간은 커피몽타주 신재웅 대표의 ‘한국에서 스몰 로스터리로 살아남기’에 대한 강연입니다."
181,magazine/181.jpg,블루리본아카데미,"메쉬커피, 작은 카페의 스페셜티 커피 생존 대작전 <2020 한국 스페셜티 커피 전문가 세미나 제3회 >","9월 24일 목요일, 블루리본아카데미에서 주최하는 <2020 한국 스페셜티 커피 전문가 세미나>가 진행되었습니다. “스페셜티 커피, 비즈니스로 성공하기”의 세 번째 시간은 메쉬커피 김현섭, 김기훈 대표의 ‘작은 카페의 커피 생존 대작전” 이야기였습니다. ​"
180,magazine/180.jpg,블루리본아카데미,전주연 월드 바리스타 챔피언의 출전 노하우 <2020 한국 스페셜티 커피 전문가 세미나 제2회 >,"지난 9월 17일,  <2020 한국 스페셜티 커피 전문가 세미나>가 진행되었습니다.  “스페셜티 커피, 비즈니스로 성공하기”의 두 번째 주인공은 부산 모모스의 이사이자 국내 최초 월드 바리스타 챔피언인 전주연 바리스타입니다."
179,magazine/179.jpg,블루리본아카데미,<2020 한국 스페셜티 커피 전문가 세미나>  제1회 스페셜티 커피 비즈니스란 무엇인가?,"9월 10일, 블루리본아카데미에서 주최하는 <2020 한국 스페셜티 커피 전문가 세미나>가 블루리본 본사 얍라운지에서 진행되었습니다. 이번 세미나의 첫번째 주자는  커피리브레 서필훈 대표로, “커피 비즈니란 무엇인가”라는 내용으로 커피리브레의 사례를 들어 강의해 주셨습니다."
178,magazine/178.jpg,인플루언서 칼럼,"제주, 그리고 스페셜티 커피","제주, 제주는 여전히 아름답다. 하지만, 제주 관광지 카페의 상대적으로 비싼 가격과 열악한 커피 품질은 매번 아쉬움을 느끼게 했다. 그래서 이번에는 세계적인 관광지로 부족함이 없는 제주에서 손꼽히는 최고의 스페셜티 커피 매장들을 엄선하여 소개하려고 한다.  ​"
177,magazine/177.jpg,인플루언서 칼럼,커피리브레 x 김사홍 바리스타: 게스트 바리스타 협업,"2020년 7월, 한국 스페셜티 커피의 상징 커피리브레와 스타 바리스타의 원조 김사홍 바리스타가 총 3회에 걸친 게스트 바리스타 협업을 커피리브레 매장에서 진행하였다."
176,magazine/176.jpg,레스토랑 & 카페,"코로나시대의 다이닝  <한우를 프라이빗하게 코스로 즐기자, 한우 오마카세>","코로나 시대를 맞아 우리의 생활 패턴도 많이 달라졌으며, 외식 문화도 달라지고 있다. 사회적 거리를 두기 쉬운 넓고 오픈된 카페나 사람과의 접촉이 적은 프라이빗한 공간이 있는 레스토랑의 인기가 높아지면서 높은 가격에도 불구하고 소문난 한우 오마카세는 예약이 밀려 있는 상태다."
175,magazine/175.jpg,"공지사항,블루리본아카데미","<2020 한국 스페셜티 커피 전문가 세미나: 스페셜티 커피, 비즈니스로 성공하기>","미식 전문가 그룹 블루리본 서베이가 2020년 한국 최고의 커피 전문가들과 함께 스페셜티 커피 세미나를 준비했습니다. 한국을 대표하는 스페셜티 커피의 창업 스토리, 한국 최초 세계 챔피언의 치열한 분투기, 지역 커피 매장의 창업 과정, 스페셜티 커피 로스터리의 브랜딩, 커피 칼럼니스트의 평가 기준, 커피인들이 추천하는 창업 실무 세미나까지, 지금 한국 스페셜티 커피를 관통하는 주제를 엄선했습니다."
174,magazine/174.jpg,인플루언서 칼럼,신규  매장 소개 :  신창호 바리스타의 '디폴트 밸류' 오픈,"국가대표 중의 국가대표로 손꼽히는 신창호 바리스타의 디폴트 밸류가 오픈하였다. 매장의 위치는 연희동 104고지 정류장 앞. 외부와 내부가 흰색으로 마감되어 깔끔하고 정갈하다. 신창호 바리스타의 수상 능력을 통해서도 짐작할 수 있듯이 디폴트 밸류에서는 국내 최고 수준의 에스프레소와 응용음료 ( 아메리카노, 카페라테 ), 사이폰*을 동시에 맛 볼 수 있다."
173,magazine/173.jpg,블루리본 소식,블루리본 앱이 새로 출시되었습니다,"이번에 새로 출시된 앱은 기존 앱보다 한층 쉬우면서도 정교해진 검색 기능으로 원하는 맛집을 장소와 예산, 목적 등에 맞게 정확하게 찾을 수 있습니다. 언제 어디서든 블루리본을 클릭하시면 바로 컨셉에 맞는 맛집을 찾아드린답니다.  대한민국 최고의 맛집 가이드 블루리본과 함께 즐거운 미식 여행을 떠나보세요~"
172,magazine/172.jpg,인플루언서 칼럼,한국 스페셜티 커피 안내서 : 커피 몽타주 편,"2013년 성내동 주택가에서 시작한 커피몽타주가 올해로 7주년을 맞이했다. 커피 몽타주는 커피리브레, 모모스커피, 엘카페, 나무사이로커피와 같은 1세대 스페셜티 커피 업체들과 어깨를 나란히 하고 있을 뿐만 아니라 프릳츠, 펠트커피, 베르크로스터스와 같은 후발 업체들에게도 좋은 귀감이 되고 있다. 2020년 3월부터 브랜딩 이미지를 새롭게 리모델링 중이다."
171,magazine/171.jpg,뉴스,[현장스케치] Scook청담 초청 갈라디너  박효남 셰프 x 이종임 한식대가: “한식과 프렌치의 만남”,"6월 24일, Scook청담에서는 박효남 셰프와 이종임 한식대가의 컬래버레이션 갈라디너가 진행되었습니다. 이번 갈라디너는 프렌치의 대가 박효남 셰프와 한식의 대가 이종임 요리연구가가 한식과 프렌치의 컬래버레이션을 선보이는 자리였습니다."
170,magazine/170.jpg,뉴스,<Scook초청 컬래버레이션 갈라디너>   박효남셰프 x 이종임요리연구가:,"오는 6월 24일, 박효남 셰프와 이종임 요리연구가의 컬래버레이션 갈라디너가 Scook청담 초청으로 열립니다.이번 갈라디너는 한국을 대표하는 프렌치의 대가 박효남 셰프와 한식의 대가 이종임 요리연구가가 한식과 프렌치의 컬래버레이션을 선보이는 데 큰 의미가 있습니다. ‘한국 프렌치 요리’의 1세대라 불리는 박효남 셰프는 대통령 표창, 프랑스 공로훈장 메리뜨 아그리꼴(MERITE AGRICOLE) 수상 및 외국 체인호텔 한국인 최초로 총 주방장에 오르는 등 40년이 넘는 경력을 지닌 분입니다. 한식의 대가 이종임 요리연구가는 45년간 국내외에서 한식의 세계화와 인재 양성에 힘써 왔으며, 김대중대통령 노벨평화상 수상 축하음악회의 만찬 준비위원장을 맡기도 했습니다. 현재는 EBS <최고의 요리비결> 및 MBN <알토란> 출연 등 활발한 활동을 하고 있습니다.. 이번 갈라디너는 아뮈즈 – 전채와 수프 – 생선요리 – 고기요리 – 치즈 – 디저트로 이어지는 9코스로 진행되며, 와인 및 전통주 페어링도 곁들여질 예정입니다.Scook청담 초청 컬래버레이션 갈라디너에 특별한 12분을 모십니다. (코로나19로 더 많은 분을 모시지 못해 죄송합니다.)날짜 및 시간: 2020년 6월 24 수요일 오후 6시 (루프탑에서 아뮈즈와 스파클링와인과 함께 담소를 나누다가 다이닝룸으로 옮겨 식사가 시작됩니다.)장소: Scook청담 - 서울시 강남구 도산대로 61길 27 (청담동) 수도빌딩 6층가격: 1인 20만원 (와인 및 전통주 페어링 포함)예약방법: 인스타그램, 페이스북 계정@scookcheongdam 또는 카카오톡(ID: bopark81)에 메시지를 남겨주시거나 전화 (02)555-2884로 연락주세요."
169,magazine/169.jpg,공지사항,<블루리본서베이: 전국의 맛집 2020> 서평단을 모집합니다!,"봄맞이 여행 필수품! 전국 맛집 가이드북 <전국의 맛집 2020>가 출간되었습니다. 지난해부터 새롭게 바뀐 블루리본서베이 평가 방식에 따라, 독자 여러분들의 평가로 선정된 3,281개의 전국 맛집을 만나볼 수 있답니다. 최고의 맛집 가이드북 <전국의 맛집 2020> 서평단에 많은 지원 바랍니다."
168,magazine/168.jpg,블루리본 소식,<전국의 맛집 2020> 출간,"우리나라 최초의 맛집 평가서 <블루리본서베이>가 올해도 <전국의 맛집> 2020년 판을 선보인다. 전문가와 2만 명이 넘는 독자들의 평가를 바탕으로, 서울을 제외한 전국의 수준 있는 맛집을 3,281곳을 지역별로 소개한다."
167,magazine/167.jpg,뉴스,<아시아 50 베스트 레스토랑 2020> 순위 발표,"아시아 최고의 레스토랑 50곳을 선정하는 아시아50베스트레스토랑 2020(Asia's 50 best restaurants2020)이 3월 24일(화요일, 현지 시각 기준)아시아 전역으로 스트리밍된 가상 행사에서 발표됐다. 2020년에는 한국, 일본, 홍콩, 대만, 태국, 싱가포르 등 12개국의 레스토랑이 순위에 올랐으며, 총 7개의 레스토랑이 새롭게 선정됐다."
165,magazine/165.jpg,공지사항,블루리본서베이 맛집 평가에 참여하세요!,블루리본서베이 맛집 평가에 참여하세요! 여러분의 평가가 3월에 발간 예정인 전국의 맛집 2020년 판에 반영됩니다.
163,magazine/163.jpg,뉴스,[현장 스케치]  <밥과 반찬> 클래스 개최,"12월 13일(금), 한식문화관에서는 한식진흥원(이사장 선재마율)이 다국적 스타 셰프를 대상으로                       를 개최했다. 참여한 셰프들에게 한국의 식자재와 조리 방법을 소개하여 한식에 대한 인식을 제고하고자 마련된 이 행사는 한국의 반상 문화를 주제로 하여 기획되었다."
162,magazine/162.jpg,뉴스,<라 리스트 2020> 월드 TOP 1000 레스토랑 발표,"“미식 가이드북의 가이드”, 세계 최고의 레스토랑 1000곳을 선정하는 <라 리스트 LA LISTE>가 12월 2일 (현지 시각 기준, 한국시간 3일 오전) 파리 소재 프랑스 외무성 관저에서 열린 ‘라 리스트 2020’ 공식 행사에서 월드 TOP 1000 레스토랑을 발표했다. 지난 2015년 1회를 시작으로 다섯 번째 개최되는 순위 발표로, 올해에도 195개국을 대상으로 공정한 심사를 거쳐 세계 최고의 레스토랑 1000곳이 가려졌다"
160,magazine/160.jpg,뉴스,2019 한-이탈리아 음식문화교류전 '닮은 듯 다른 쌀이야기' 개최,"11월 19일(화) 농림축산식품부와 한식진흥원이 이탈리아 음식 주간(11월 18일~24일)을 맞아 한식문화관(서울 중구 청계천로 40)에서 <한-이탈리아 음식문화교류전>을 개최했다. 이번 교류전은 양국의 쌀 품종, 쌀로 만든 음식(한국: 식혜, 조청, 엿 /이탈리아: 리조토, 아란치니)과 쌀의 문화적 의미 등을 소개하고 식문화에 대한 이해를 통해 양국 간 농식품 교류 활성화 계기를 마련하기 위한 목적으로 개최되었다."
159,magazine/159.jpg,푸드 & 레시피,[현장스케치]  <한식아카데미> 벽제갈비 윤원석 셰프의 '갈비 이야기',"11월 18일(월), 한식문화관에서는 한식을 더욱 깊이 이해하는 시간! <한식아카데미> 네 번째 수업 ‘갈비 이야기’가 진행되었습니다. 이번에는 ‘벽제갈비’ 윤원석 셰프를 모시고 좋은 고기 구별법과 숙성법 등 갈비에 대한 이론 강의를 듣고, 윤원석 셰프가 직접 한우 갈비 손질 작업을 시연하고 수강생들이 갈비 양념장을 만들어보는 시간으로 꾸며졌습니다!"
156,magazine/156.jpg,인플루언서 칼럼,이탈리아처럼 서서 커피를 마신다! 매력 있는 스탠딩 커피 전문점,"자리에 앉지 않고 서서 커피를 마시는, 일명 ‘스탠딩 커피’ 매장이 최근 화제가 되고 있다. 한국 최고의 커피 평론가 심재범 평론가가 이탈리아 커피에 기반한 커피를 만날 수 있는 스탠딩 커피 매장을 소개한다."
158,magazine/158.jpg,뉴스,[현장스케치] 이종임 원장의 <간장게장 원데이 클래스>,"11월 13일(수), Scook청담 이종임한식연구원에서 이종임 원장의 <간장게장 원데이 클래스>가 진행되었습니다. 이번 간장게장 클래스에서는 이종임 원장만의 특별한 간장게장 비법을 배울 수 있었는데요. MBN TV의 <알토란>을 통해 특별한 간장게장 비법을 선보여 큰 화제를 불러일으키도 했습니다."
154,magazine/154.jpg,푸드 & 레시피,[현장스케치] <한식아카데미> - 조선시대 순대를 만나다,한식을 보다 깊이 이해하는 시간! <한식아카데미> 세 번째 수업 ‘조선시대 순대를 만나다’가 10월 23일 한식문화관에서 진행되었습니다. 유익했던 조선시대 순대 수업 스케치 기사로 만나보세요!
153,magazine/153.jpg,공지사항,<한식아카데미 - 갈비 이야기> 신청 모집,"한식아카데미 네 번째 시간! '벽제갈비' 윤원석 셰프님에게 좋은 고기 구별법과 숙성 방법, 전문적인 갈비 손질 작업 등을 배우고 '벽제갈비'의 맛있는 갈비 양념장을 만들어보는 실습이 이어집니다."
152,magazine/152.jpg,푸드 & 레시피,[현장스케치] <전국 팔도 우리술 즐기기> 네 번째 이야기: 충청도,<전국 팔도 우리술 즐기기> 네 번째 이야기가 10월 19일 한식문화관에서 진행되었습니다. 충청도 지역의 전통주를 맛보고 재밌는 이야기를 듣는 시간이었는데요. 생생한 현장스케치를 만나보세요!
151,magazine/151.jpg,뉴스,박보경 박사의 <미각 교육 식판식> 출간 기념 쿠킹클래스 현장 스케치,"10월 16일, 이종임한식연구원에서 박보경 박사의 <미각 교육 식판식> 출간 기념 쿠킹클래스가 진행되었습니다. 어릴 때부터 중요한 아이 미각 교육의 개념과 이론적인 설명을 다룬 강의와 함께 아이가 좋아하는 음식 2종을 직접 만들어보는 시간으로 꾸며졌답니다."
149,magazine/149.jpg,레스토랑 & 카페,2020년 서울의 주목할 만한 새 맛집 - ③편: 캐주얼 맛집,"지난 1년간 독자들 사이에서 오픈과 동시에 큰 화제를 모았던, 2020년 서울의 주목할 만한 새 맛집을 세 차례에 걸쳐 소개한다. 세 번째 편은 주목할 만한 캐주얼 맛집이다."
148,magazine/148.jpg,레스토랑 & 카페,2020년 서울의 주목할 만한 새 맛집 - ②편: 디저트 카페와 커피 전문점,"지난 1년간 독자들 사이에서 오픈과 동시에 큰 화제를 모았던, 2020년 서울의 주목할 만한 새 맛집을 세 차례에 걸쳐 소개한다. 두 번째 편은 주목할 만한 디저트 카페와 커피 전문점이다."
147,magazine/147.jpg,레스토랑 & 카페,"2020년 서울의 주목할 만한 새 맛집 - ①편: 파인 다이닝, 고급 레스토랑","지난 1년간 독자들 사이에서 오픈과 동시에 큰 화제를 모았던, 2020년 서울의 주목할 만한 새 맛집을 세 차례에 걸쳐 소개한다. 첫 번째 편은 주목할 만한 파인 다이닝, 고급 레스토랑이다."
146,magazine/146.jpg,레스토랑 & 카페,독자가 직접 뽑은 2020년 서울 최고의 맛집 36곳,블루리본서베이 발간 15주년 기념판 <서울의 맛집 2020>이 출간되었습니다. 독자들이 직접 뽑은 2020년 서울 최고의 맛집 36곳을 지금 만나보세요!
145,magazine/145.jpg,뉴스,아이를 위한 특별한 키즈 할로윈 파티와 쿠킹클래스가 펼쳐집니다!,"이번 할로윈 데이에 우리 아이를 위한 특별한 키즈 할로윈 파티를 즐겨보세요! 10월30일(수),이종임한식연구원에서 키즈 할로윈 파티가 펼쳐집니다!"
144,magazine/144.jpg,공지사항,<블루리본서베이: 서울의 맛집 2020> 서평단을 모집합니다!,블루리본서베이 발간 15주년 기념판 <서울의 맛집 2020>이 출간되었습니다. 대한민국을 대표하는 맛집 안내서이자 한국인이 좋아하는 진정한 맛집 소개서! <서울의 맛집 2020> 서평단에 많은 지원 바랍니다 :)
143,magazine/143.jpg,인플루언서 칼럼,망원동 스페셜티 커피 로드,"지금, 망원동이 후끈하다! 한국 최고의 커피 평론가 심재범 평론가가 추천하는 망원동의 대표적인 스페셜티 커피 전문점을 소개한다."
138,magazine/138.jpg,블루리본 소식,<블루리본서베이: 서울의 맛집 2020> 출간,"대한민국을 대표하는 맛집 안내서 <서울의 맛집 2020>이 출간되었다. 발간 15주년 기념판으로, 독자가 뽑은 서울 최고의 맛집 36곳을 비롯해 1,543개에 달하는 서울의 맛집을 만날 수 있다."
142,magazine/142.jpg,뉴스,이종임한식연구원 개원식 현장,"국내 최초 요리학원 '수도요리학원'이 '이종임한식연구원'으로 새롭게 시작합니다. 9월 26일, 청담동에서 이종임한식연구원의 개원식이 진행되었습니다."
141,magazine/141.jpg,공지사항,<한식아카데미 - 조선시대 순대를 만나다: 조선시대 순대 만들기> 신청 모집,"우리 한식을 좀 더 깊이 공부하고 이해하는 프로젝트 '한식아카데미'의 세 번째 수업은 '조선시대 순대'입니다. <순대실록>의 육경희 대표가 도야지순대, 소순대를 원형 그대로 재현해보고, 수강생들의 실습도 이어집니다."
137,magazine/137.jpg,뉴스,[현장스케치] <한식아카데미> - 한식의 미를 담다: 한식 플레이팅,"9월 23일, 한식문화관에서 한식아카데미 두 번째 프로그램 '한식 플레이팅' 강의가 진행되었습니다. '묘미'의 헤드 셰프인 장진모 셰프를 모시고 분자미식학을 접목한 한식을 세련되게 플레이팅하는 비법을 배워보고 직접 플레이팅 실습도 해보는 시간으로 꾸며졌습니다."
136,magazine/136.jpg,공지사항,<전국 팔도 우리술 즐기기> 네 번째 이야기: 충청도 신청 모집,"한 달에 한 번, 전국 팔도의 전통주를 돌아가며 만날 수 있는 '전국 팔도 우리술 즐기기' 프로젝트! 10월 19일(토) 펼쳐질 네 번째 이야기는 충청도입니다. 우리술 전문가 '백곰막걸리'의 이승훈 대표가 들려주는 우리술 이야기와 함께 충청도를 대표하는 10여 종의 전통주를 만나러오세요!"
135,magazine/135.jpg,푸드 & 레시피,[현장스케치] <전국 팔도 우리술 즐기기> 세 번째 이야기: 경상도,"9월 21일 한식문화관에서 <전국 팔도 우리술 즐기기> 세 번째 이야기 경상도 편이 진행되었습니다. 탁주, 청주, 약주, 명인이 만든 소주 등 13종의 다양한 경상도 술을 만날 수 있는 시간이었습니다."
134,magazine/134.jpg,인플루언서 칼럼,"싱가포르, 스페셜티 커피 마시러 가요",눈에 띄게 변화하고 있는 싱가포르의 스페셜티 커피. 한국 최고의 커피 평론가 심재범 평론가가 추천하는 싱가포르 스페셜티 커피를 만나보자.
133,magazine/133.jpg,뉴스,[현장스케치] <한식아카데미> - 한식과 분자미식학: 한식 이노베이션,"8월 21일, 한식아카데미 ‘한식과 분자미식학: 한식 이노베이션’이 한식문화관에서 진행되었습니다. 우리나라 분자미식학의 최고 권위자인 신원선 교수님을 모시고 한식의 고품격 맛과 풍미, 모양에 숨겨진 과학적 메커니즘을 알아보고, 이를 접목한 요리를 직접 맛보는 시간으로 꾸며졌습니다."
132,magazine/132.jpg,공지사항,<한식아카데미 - 한식의 미를 담다: 한식 플레이팅 > 신청 모집,"9월 23일, 한식아카데미에서는 장진모 셰프('묘미' 헤드 셰프)를 모시고, 한식 플레이팅 방법에 대해 배워봅니다. 다섯 가지 메뉴 플레이팅 시연을 통해 플레이팅 방법을 배우고, 이 중 두 가지 메뉴는 직접 플레이팅해보는 시간이 될 예정입니다."
131,magazine/131.jpg,공지사항,<전국 팔도 우리술 즐기기> 세 번째 이야기: 경상도 신청 모집,"한 달에 한 번, 전국 팔도의 전통주를 돌아가며 만날 수 있는 '전국 팔도 우리술 즐기기' 프로젝트! 9월 21일(토) 펼쳐질 세 번째 이야기는 경상도입니다. 우리술 전문가 '백곰막걸리'의 이승훈 대표가 들려주는 우리술 이야기와 함께 경상도를 대표하는 13종의 전통주를 만나러오세요!"
130,magazine/130.jpg,공지사항,한식아카데미 - 한식과 분자미식학 : 한식 이노베이션,"8월 21일, 한식과 분자미식학을 접목한 한식아카데미 세미나가 열립니다. 주제는 '한식과 분자미식학: 한식 이노베이션'입니다. 분자미식학은 음식의 질감과 조직, 과정 등을 과학적으로 분석하는 학문입니다. 이번 세미나는 우리나라 분자미식학의 최고 권위자인 신원선 교수님의 강의와 대체고기 시연이 함께 이루어집니다."
129,magazine/129.jpg,레스토랑 & 카페,서울의 거리 (2) - 마곡은 지금부터다,신사동 가로수길과 이태원 경리단길 등이 핫 플레이스로 주목받은 후 ‘~로수길’이나 ‘~리단길’ 같은 접미사가 붙은 수많은 후발주자가 등장했다. 블루리본서베이가 '서울의 거리' 시리즈를 통해 소개할 두 번째 지역은 최근 주목받기 시작한 마곡동이다.
128,magazine/128.jpg,푸드 & 레시피,[현장스케치] <전국 팔도 우리술 즐기기> 두 번째 이야기: 강원도,"7월 20일, 청계천 인근에 자리한 한식문화관에서는 <전국 팔도 우리술 즐기기> 두 번째 이야기 : 강원도 편이 진행됐습니다. <전국 팔도 우리술 즐기기>는 BR미디어(블루리본서베이)와 한식진흥원이 함께 기획한 전통주 프로그램으로, 한 달에 한 번 하나의 지역을 선정해 그곳의 특색이 담긴 전통주를 소개하는 시간입니다."
127,magazine/127.jpg,레스토랑 & 카페,충무로 9년 차 직장인의 유쾌한 ‘충무로 소주잔 가이드’ 2편: 충무로 일대,"충무로 을지로 일대의 술 한잔하기 좋은 노포를 소개하는 인스타그래머 'JY투어'!  블루리본서베이에서는 JY투어의 유쾌한 '충무로 소주잔 가이드'를 몇 차례에 걸쳐 연재한다. 두 번째 지역은 노포 성지, 충무로 일대다."
126,magazine/126.jpg,뉴스,싱가포르 대표 브랜드 ‘점보씨푸드’ 국내 1호점 오픈,"싱가포르에 가면 꼭 맛봐야 하는 ‘칠리크랩’으로 유명한 ‘점보씨푸드’가 7월 15일 도곡동에 국내 첫 매장을 오픈했다. 싱가포르 외식 기업 ‘점보그룹’이 운영하는 브랜드로, 1987년 오픈한 이래로 싱가포르 스타일의 신선한 해산물 요리로 사랑받고 있다."
125,magazine/125.jpg,레스토랑 & 카페,여유를 마시는 공간 – 북촌과 서촌을 담은 카페 6곳,"전국 어디를 가도 카페가 있을 정도로 카페가 흔해진 요즘, 북촌과 서촌이 다시 주목받고 있다. 핫한 카페들이 연이어 분점을 오픈하면서 다시 한 번 전성기를 누리고 있는 북촌과 서촌. 옛것과 트렌디한 것이 조화를 이루는 북촌과 서촌의 핫한 카페 6곳을 소개한다."
124,magazine/124.jpg,레스토랑 & 카페,서울을 걷다 - (1) 익선동은 살아있다,신사동 가로수길과 이태원 경리단길 등이 핫 플레이스로 주목받은 후 ‘~로수길’이나 ‘~리단길’ 같은 접미사가 붙은 수많은 후발주자가 등장했다. 블루리본서베이는 서울에서 새롭게 주목받고 있는 핫한 거리를 찾아 그곳의 이야기를 소개할 예정이다. 그 이야기의 첫 번째 순서는 낙후된 한옥마을에서 젊은이들의 핫플레이스로 거듭난 익선동 거리 이야기다.
123,magazine/123.jpg,레스토랑 & 카페,2019년 상반기 레스토랑 오픈 소식,2019년 상반기에는 셰프들의 새로운 시작을 알리는 레스토랑 오픈 소식이 미식가의 마음을 설레게 했다. 연이어 들려오는 2019년 상반기 레스토랑 오픈 소식을 모아보았다.
119,magazine/119.jpg,레스토랑 & 카페,충무로 9년 차 직장인의 유쾌한 ‘충무로 소주잔 가이드’ 1편: 충무로 인현시장 일대,노포 성지라 꼽히는 충무로와 을지로 일대의 술 한잔하기 좋은 노포를 소개하는 인스타그래머 'JY투어'가 있다. 블루리본서베이에서는 JY투어의 유쾌한 '충무로 소주잔 가이드'를 몇 차례에 걸쳐 연재한다. 첫 번째 지역은 충무로 인현시장 일대다.
122,magazine/122.jpg,공지사항,<전국 팔도 우리술 즐기기> 두 번째 이야기: 강원도,"한 달에 한 번, 전국 팔도의 전통주를 돌아가며 만날 수 있는 '전국 팔도 우리술 즐기기' 프로젝트! 7월 20일(토) 펼쳐질 두 번째 이야기는 강원도입니다. 우리술 전문가 '백곰막걸리'의 이승훈 대표가 들려주는 우리술 이야기와 함께 강원도를 대표하는 10여 종의 전통주를 만나러오세요!"
121,magazine/121.jpg,레스토랑 & 카페,2019년 상반기 레스토랑 이전 소식,올 상반기에는 굵직한 레스토랑의 이전 소식이 연이어 들려왔다. 2019년 상반기 레스토랑 이전 소식을 모아보았다.
118,magazine/118.jpg,뉴스,프랑스의 ‘미라주르’ <월드50베스트레스토랑 2019> 1위 선정,세계 최고의 레스토랑 50곳을 선정하는 <월드50베스트레스토랑 2019>가 6월 25일 싱가포르에서 발표되었다. 올해는 프랑스의 '미라주르'가 1위의 영광을 안았다.
117,magazine/117.jpg,푸드 & 레시피,[현장스케치] <전국 팔도 우리술 즐기기> 첫 번째 이야기: 제주도,"6월 22일, ‘한식문화관(서울 중구 청계천로 40)’에서 <전국 팔도 우리술 즐기기> 첫 번째 이야기가 개최되었습니다. 앞으로도 매달 팔도의 한 지역을 정해, 우리술에 대한 이야기를 듣고 그 지역의 다양한 우리술을 맛보는 시간이 이어질 예정이니 많이 기대해주세요!"
116,magazine/116.jpg,인플루언서 칼럼,심재범 커피 평론가의 블루보틀 성수점 방문기 - ②편,세계 곳곳의 커피를 맛본 심재범 커피 평론가가 블루보틀 성수점의 커피를 전문적인 시각에서 이야기한다. 그가 맛본 블루보틀 커피의 전체적인 감상과 총평을 엿볼 수 있다.
115,magazine/115.jpg,뉴스,소확행성에서 온 편의점 – 고잉메리,"지난 3월 27일, '요괴라면'으로 유명한 스타트업 기업 옥토끼프로젝트가 첫 번째 플래그십 스토어인 '고잉메리'의 문을 열었다. 문을 열고 들어가는 순간부터 나오는 순간까지 색다른 경험을 할 수 있는 곳, 감성 편의점 & 프리미엄 분식점 고잉메리를 소개한다."
114,magazine/114.jpg,공지사항,"<세기의 셰프, 세기의 레스토랑> 서평단을 모집합니다!","셰프들이 직접 들려주는 진짜 주방 이야기를 담은 에세이 모음직 <세기의 셰프, 세기의 레스토랑>의 서평단을 모집합니다."
113,magazine/113.jpg,블루리본 소식,"<세기의 셰프, 세기의 레스토랑> 출간","미국과 유럽을 대표하는 유명 셰프들의 진솔한 이야기를 한 권의 책으로 엮어내 지난 10년간 꾸준히 사랑받아온 에세이 모음집 <세기의 셰프, 세기의 레스토랑>의 개정판이 출간됐다."
112,magazine/112.jpg,공지사항,<전국 팔도 우리술 즐기기> 첫 번째 이야기: 제주도,"한 달에 한 번, 전국 팔도의 전통주를 돌아가며 만날 수 있는 '전국 팔도 우리술 즐기기' 프로젝트가 여러분을 찾아갑니다. 6월 22일(토), 첫 번째 이야기를 장식할 지역은 제주도입니다. <백곰막걸리> 이승훈 대표가 들려주는 우리술 이야기와 함께, 제주의 12가지 전통주를 만나러오세요."
110,magazine/110.jpg,레스토랑 & 카페,맛집 얼리어답터를 위한 2019년 상반기 신상 맛집 리스트,최근 블루리본서베이 홈페이지에 등록된 신규 맛집 정보 중 에디터가 주목한 1년 이내에 오픈한 신상 레스토랑 12곳을 소개한다.
111,magazine/111.jpg,뉴스,[현장스케치] 김선영 선생님의 제철 요리 클래스 ‘주꾸미’편 수업,"5월 23일, 한식문화관(서울 중구 청계천로 40)에서 ‘김선영 선생님의 제철 요리 클래스’ 수업이 열렸습니다. 5월의 제철 재료 '주꾸미'로 만드는 요리를 배워보는 시간으로 꾸며졌는데요. 즐거웠던 수업 현장을 공개합니다!"
109,magazine/109.jpg,인플루언서 칼럼,심재범 커피 평론가의 블루보틀 성수점 방문기 - ①편,연일 화제가 되고 있는 블루보틀 성수점 오픈 소식. 세계 곳곳의 커피를 맛본 심재범 커피 평론가의 시선을 통해 블루보틀 성수점을 살펴본다.
108,magazine/108.jpg,뉴스,2019 한-폴란드 음식문화교류전 “두 나라 사람들의 전통집밥” 개최,농림축산식품부와 한식진흥원이 한식문화관(서울 중구 청계천로 40)에서 <2019 한-폴란드 음식문화교류전>을 5월 13일부터 31일까지 개최한다.
106,magazine/106.jpg,인플루언서 칼럼,"최고의 커피와 빵의 콜라보레이션, 어벤져스 빵카페 3선",커피인과 제빵인이 손꼽는 최고의 콜라보레이션을 보여주는 빵카페 3곳을 소개한다. 빵과 커피라는 기본적인 주제를 창의적으로 소화한 멋진 공간으로 꼽힌다.
107,magazine/107.jpg,공지사항,<'제철 식재료의 신' 김선영 선생님의 生生 봄요리 교실 - 5월 주꾸미 클래스>의 수강생을 모집합니다.,"'제철 식재료의 신' 김선영 선생님의 생생 봄요리 교실' 두 번째 주제, 주꾸미 클래스의 수강생을 모집합니다. 다수의 방송에 출연해 손쉬운 요리법을 전수해 온 스타 요리연구가 김선영 선생님에게 제철 식재료에 관해 배우고, 이를 활용한 간편한 한식 레시피를 직접 만들고 시식해보는 시간입니다."
105,magazine/105.jpg,공지사항,<전국의 맛집 2019> 서평단을 모집합니다,최고의 맛집 가이드북 <전국의 맛집 2019> 서평단에 지원하고 싶으신 분들은 BR미디어 공식 블로그에서 신청해주세요.
104,magazine/104.jpg,뉴스,[현장스케치] 김선영 선생님의 제철 요리 클래스 ‘꽃게’편 수업,"지난 4월 25일, 한식문화관(서울 중구 청계천로 40)에서 ‘김선영 선생님의 제철 요리 클래스’ 수업이 열렸습니다. 손쉽게 만들 수 있는 제철 요리 레시피를 배워보는 시간으로 꾸며졌는데요. 그날의 수업 현장을 공개합니다!"
103,magazine/103.jpg,블루리본 소식,<전국의 맛집 2019> 출간,"우리나라 최초의 맛집 평가서 블루리본서베이가 올해도 전국의 맛집 2019년 판을 선보인다. 전문가와 2만 명이 넘는 독자들의 평가를 바탕으로, 서울을 제외한 전국의 수준 있는 맛집 3,429곳을 지역별로 소개한다."
102,magazine/102.jpg,뉴스,“만들고 먹고 즐기는” 한식문화관 3주년 생일잔치 열려,"지난 4월 11일, 한식문화관의 개관 3주년을 맞아 축하연이 열렸다. 한식문화관 체험공간에서 열린 이번 행사에는 (재)한식진흥원 이사장 선재 스님, 윤숙자 한국전통음식연구소 소장, 농식품부 외식산업진흥과장, 이종임 대한식문화연구원 원장 등을 비롯해 주요 고객 기관 및 협업 기관 관계자들이 함께해 한식문화관의 3번째 생일을 축하했다."
98,magazine/98.jpg,뉴스,한식진흥원 <청년 한식당 : 국산 식재료 활용 신 메뉴 개발 공모>,한식진흥원에서 창업 3년 이내 한식당을 운영하고 있는 청년 오너 셰프를 대상으로 한식 신 메뉴 개발 공모 사업을 진행합니다. 한식을 사랑하고 아끼는 한식당 청년 오너 셰프들의 많은 관심과 지원 바랍니다.
101,magazine/101.jpg,뉴스,<아시아50베스트레스토랑 2019> 순위 발표,"아시아 최고의 레스토랑 50곳을 선정하는 아시아50베스트레스토랑2019가 3월 26일 마카오 윈팰리스호텔에서 발표되었다. 이번 순위에서는 우리나라의 밍글스, 톡톡 두 곳만 이름을 올렸다."
100,magazine/100.jpg,공지사항,<'제철 식재료의 신' 김선영 선생님의 生生 봄요리 교실> 수강 신청 안내,"'제철 식재료의 신' 김선영 선생님의 생생 봄요리 교실'의 수강생을 모집합니다. 다수의 방송에 출연해 손쉬운 요리법을 전수해 온 스타 요리연구가 김선영 선생님과 함께 제철 식재료에 관해 공부하고, 이를 활용한 간편한 한식 레시피를 직접 따라하며 배우는 시간입니다."
99,magazine/99.jpg,인플루언서 칼럼,2019 국가대표 바리스타의 브루잉 커피,"심재범 커피 평론가가 2019 브루잉 커피 대회(KBrc)에서 입상한 국가 대표 바리스타 3인의 커피, 그리고 그들이 소속된 커피 전문점을 소개한다."
97,magazine/97.jpg,공지사항,<전국의 맛집 2019> 평가가 2월 28일에 마감됩니다,서울을 제외한 전국의 수준 있는 맛집을 지역별로 소개하는 <전국의 맛집 2019>에 대한 평가가 오는 2월 28일 마감됩니다. 독자 여러분의 많은 참여 부탁드립니다.
96,magazine/96.jpg,레스토랑 & 카페,전적으로 믿으세요 – 믿고 먹는 오마카세 PICK 5,"최근 오마카세의 영역이 넓어졌다. '셰프에게 맡긴다'라는 의미의 오마카세. 이전에는 스시야에서나 만나볼 수 있던 식문화였으나 최근에는 '한우 오마카세'와 같이 다양한 장르의 레스토랑에서 오마카세를 즐길 수 있게 됐다. 야키토리부터 태국요리까지, 다양한 장르의 셰프가 선보이는 색다른 미식 경험을 할 수 있는 오마카세 맛집 5곳을 소개한다."
95,magazine/95.jpg,공지사항,<현 정 셰프의 클린 이팅> 따라하기 이벤트 당첨자 발표,<현 정 셰프의 클린 이팅> 속 레시피 따라하기 이벤트! SG다인힐 외식 상품권을 받으실 당첨자 다섯 분을 발표합니다.
94,magazine/94.jpg,뉴스,드높아진 한국 레스토랑의 위상 - <라 리스트 2019 한국 시상식> 성황리에 종료,"매년 세계 최고의 레스토랑 1,000곳을 선정해 프랑스 파리에서 발표하는 ‘미식 가이드북의 가이드’ <라 리스트 LA LISTE>의 한국 리스트 시상식이 지난 1월 31일 밤 주한 프랑스 대사관저에서 개최됐다. <라 리스트>가 한국의 수상자를 축하하기 위해 시상식을 연 것은 올해가 처음이다."
93,magazine/93.jpg,인플루언서 칼럼,"스페셜티 커피 격전지, 성수동의 스페셜티 커피 전문점 세 곳",블루보틀의 성수동 진출 소식에 연말연시 성수동이 다시 한번 들썩거렸다. 블루보틀 오픈과 함께 성수동의 보석 같은 스페셜티 커피 전문점이 알려지는 계기가 될 전망이다. 심재범 커피 평론가가 추천하는 성수동의 스페셜티 커피 전문점 세 곳을 소개한다.
90,magazine/90.jpg,인플루언서 칼럼,이탈리아 알바 화이트 트러플 축제,블로거 ‘비밀이야’ 이탈리아 알바 화이트 트러플 축제를 가다! 매년 가을 이탈리아 북부의 작은 도시 알바(Alba)에서는 ‘땅속의 다이아몬드’라고 불리는 화이트 트러플(흰 송로버섯) 축제가 열린다.
92,magazine/92.jpg,인플루언서 칼럼,"오트밀크라테, 카페라테 대안으로 떠오르다",우유를 소화하지 못하는 사람들을 위한 카페라테 대안으로 오트(귀리)밀크라테가 떠오르고 있다. 한국 최고의 커피 평론가 심재범 평론가로부터 요즘 떠오르는 오트밀크라테에 대한 이야기를 들어본다.
91,magazine/91.jpg,레스토랑 & 카페,아궁이가 있는 바(bar) – 한식 바 ‘부토’,임희원 셰프의 한식 바 '부토'가 지난 12월 1일 한남동에 문을 열었다. 1월 중 정식 오픈을 앞두고 있는 이곳은 타파스처럼 술과 함께 가볍게 즐길 수 있는 퓨전 한식을 선보일 예정이다.
89,magazine/89.jpg,인플루언서 칼럼,"피오렌티나 스테이크에서 피아노 바까지, 피렌체의 대표 명소",미식 블로거 ‘비밀이야’가 안내하는 이탈리아 피렌체 맛집. 피렌체에서 꼭 맛봐야 할 대표 음식별로 대표 레스토랑을 콕 집어서 소개한다.
84,magazine/84.jpg,뉴스,‘프로 살림러’가 찾는 띵굴시장,"띵굴시장은 ‘예쁜 그릇이나 감성 소품 좀 안다 싶은’ 사람들이라면 한 번쯤 가본다는 플리마켓으로, 요즘 SNS에서 가장 핫한 플리마켓이다. 국내 최대 규모의 플리마켓, 띵굴시장의 매력이 무엇일까?"
87,magazine/87.jpg,푸드 & 레시피,감바스 알 아히요 레시피 by 마누엘 만사노 셰프,스패니시 게스트로펍 <더셰프>의 마누엘 만사노 셰프가 소개할 두 번째 스페인 타파스는 감바스 알 아히요다. 마누엘 셰프는 스페인의 맛 그대로를 즐길 수 있는 정통 감바스 알 하이요 레시피를 선보인다.
86,magazine/86.jpg,푸드 & 레시피,살모레호 레시피 by 마누엘 만사노 셰프,"연말 홈 파티가 많은 12월, 간단하면서도 근사한 요리를 선보이고 싶은 이들을 위해 <더셰프> 마누엘 만사노 셰프가 나섰다. 마누엘 셰프가 소개할 첫 번째 요리는 살모레호다. 상큼하게 입맛을 돋우는 전채 요리로 그만인 살모레호의 레시피를 소개한다."
81,magazine/81.jpg,푸드 & 레시피,마누엘 만사노 셰프에게 배우는 초간단 스페인 타파스,"스페인 가스트로펍 ‘더셰프’의 마누엘 만사노 셰프가 알려주는 초간단 스페인 타파스!  12월, 연말 홈 파티에서 간단하면서도 근사한 요리를 대접하고 싶다면 마누엘 만사노 셰프가 소개하는 초간단 스페인 타파스 레시피에 주목해보자."
85,magazine/85.jpg,블루리본 소식,블루리본서베이 전주 특별판 <전주의 맛집 2019> 발간,전주의 엄선된 맛집 41곳을 담은 블루리본서베이 전주 특별판 <전주의 맛집 2019>가 발간되었다. <전주의 맛집 2019>는 가장 한국적인 맛과 모습을 간직하고 있는 전주의 음식과 맛집을 알차게 담고 있다.
83,magazine/83.jpg,뉴스,"<커피사회> 전시, 문화역서울284에서 개최",현대인의 일상에서 빠질 수 없는 커피를 통해 근현대 사회 문화를 읽을 수 있는 전시 <커피사회>가 12월 21일(금)부터 2019년 2월 17일(일)까지 문화역서울284 (서울역 옆)에서 개최된다.
82,magazine/82.jpg,뉴스,<마이클 바이 해비치> 정식 오픈,"제주의 해비치호텔&리조트가 지난 12월 14일, 서울의 중심 종로에 <마이클 바이 해비치>를 오픈했다."
77,magazine/77.jpg,공지사항,<현 정 셰프의 클린 이팅> 따라하고 상품권 받자!,"<현 정 셰프의 클린 이팅> 레시피를 따라 음식 만드는 모습을 사진 또는 동영상으로 찍어 개인 블로그나 유튜브, SNS에 업로드해주세요. 순위에 오른 다섯 분들께는 SG다인힐의 모든 브랜드에서 이용할 수 있는 'SG다인힐 외식 상품권'(최소 10만원부터 최대 100만원까지!)을 선물로 드립니다."
80,magazine/80.jpg,공지사항,BC블리스7 카드 프리미엄 콘텐츠 이용권 서비스 오픈,블루리본서베이가 고품격 프리미엄 카드 BC블리스7과 제휴를 통해 BC블리스7 카드 회원에게 프리미엄 콘텐츠 이용권을 무료로 제공하는 서비스를 시작합니다.
79,magazine/79.jpg,공지사항,<현 정 셰프의 클린 이팅> 서평단을 모집합니다,<현 정 셰프의 클린 이팅> 서평단에 지원하고 싶으신 분들은 BR미디어 공식 블로그에서 신청해주세요.
78,magazine/78.jpg,뉴스,<라 리스트 2019> 레스토랑 TOP 1000 발표,"“미식 가이드북의 가이드”, 세계 최고의 레스토랑 1000곳을 선정하는 <라 리스트 LA LISTE>가 지난 12월 3일 (현지 시각 기준) 파리 소재 프랑스 외무성에서 2019 세계 랭킹 톱 1000 레스토랑을 발표했다."
69,magazine/69.jpg,레스토랑 & 카페,서울의 주목할 만한 새 맛집 31곳을 소개합니다,<서울의 맛집> 2019년  판에도 다양한 장르의 주목할 만한 새 맛집이 등장했습니다. 지난 1년 동안 오픈과 동시에 화제가 되었던 주목할 만한 새 맛집 31곳을 소개합니다.
76,magazine/76.jpg,공지사항,<비밀이야의 맛있는 프랑스> 서평단을 모집합니다,<비밀이야의 맛있는 프랑스> 서평단에 지원하고 싶으신 분들은 BR미디어 공식 블로그에서 신청해주세요.
75,magazine/75.jpg,레스토랑 & 카페,독자가 직접 뽑은 2019년 서울 최고의 맛집 34곳,"최고의 권위를 인정받고 있는 우리나라 최초의 맛집 평가서 <블루리본서베이>의 <서울의 맛집 2019>가 출간되면서 올해는 어떤 곳이 리본 세 개를 받았는지에 대한 관심이 모이고 있다. 특히 올해는 독자의 1차 평가로 뽑은 리본 두 개 맛집 중 전문가 평가단의 평가를 통해 리본 세 개 맛집을 선정했던 기존의 평가 방식과 달리, 오직 독자들의 평가만으로 리본 세 개를 선정해 그 의미가 새롭다."
74,magazine/74.jpg,블루리본 소식,[현장스케치] ‘비밀이야의 맛있는 프랑스’ 출간 기념 북콘서트 현장,지난 11월 24일 블루리본서베이 본사에서 개최된 <비밀이야의 맛있는 프랑스> 출간 기념 북콘서트가 성황리에 끝났습니다.  '비밀이야' 배동렬 작가님은 행사에 찾아주신 많은 독자와 함께 프랑스 미식의 세계와 자신의 유럽 여행기 등 다양한 이야기를 나눴습니다.
73,magazine/73.jpg,공지사항,블루리본서베이 프리미엄 콘텐츠 이용권 서비스 오픈,우리나라 최초의 맛집 평가서 <블루리본서베이>가 블루리본 프리미엄 콘텐츠 이용권 서비스를 시작합니다. 블루리본 프리미엄 콘텐츠 이용권을 구매하시는 분들께는 맛집 리뷰를 비롯하여 본 사이트에서 제공하는 모든 콘텐츠를 열람할 수 있는 권한이 주어집니다.
70,magazine/70.jpg,공지사항,<비밀이야의 맛있는 프랑스> 북콘서트에서 만날 수 있는 빵빵한 선물!,"<비밀이야의 맛있는 프랑스> 북콘서트를 위해 어벤져스 뺨치는 특급 군단이 지원 사격에 나섰습니다. 북콘서트 강연회에 참석하시는 분들께 드릴 특별한 선물이 가득 준비되어 있으니, 많이 기대해주세요 :)"
68,magazine/68.jpg,공지사항,<현 정 셰프의 클린 이팅> 출간 기념 구매 인증샷 이벤트,<현 정 셰프의 클린 이팅> 출간 기념 SNS 구매 인증샷 이벤트를 진행합니다. SNS에 <현 정 셰프의 클린 이팅> 구매 인증샷을 올리면 '썬더버드'의 어벤져스 샐러드가 무료! 책에 소개된 레시피를 '썬더버드'에서도 즐겨보세요!
67,magazine/67.jpg,블루리본 소식,<서울의 맛집 2019> 출간,대한민국을 대표하는 맛집 안내서이자 한국인이 좋아하는 진정한 맛집 소개서 <서울의 맛집 2019>가 출간되었다. 2019년 판에서는 2만 명이 넘는 독자가 맛집 평가에 참여한 결과 총 34개 맛집이 리본 세 개를 받아 서울 최고의 맛집으로 선정되었다.
66,magazine/66.jpg,블루리본 소식,<현 정 셰프의 클린 이팅> 출간,깨끗하게 먹자! 전 세계적으로 주목받는 최신 건강식 트렌드‘클린 이팅’. SG다인힐 박영식 대표의 생생한 클린 이팅 체험기와클린 이팅 전문점 ‘썬더버드’ 현 정 셰프의 레시피를 모두 담았다
65,magazine/65.jpg,레스토랑 & 카페,장진모 셰프의 한식 다이닝 바 '묘미',장진모 셰프가 한식 다이닝 바 ‘묘미’로 돌아왔다. 컨템퍼러리 레스토랑 ‘앤드 다이닝’이 문을 닫은 지 2년만이다. 주방을 떠나 있는 동안 그는 한식을 배우며 새로운 도전을 준비했다. 그의 새로운 레스토랑 한식 다이닝 바 ‘묘미'를 찾아 장진모 셰프의 새로운 요리와 레스토랑의 모습을 영상으로 담았다.
63,magazine/63.jpg,공지사항,<맛있는 프랑스 북콘서트> 신청 안내 (마감 완료),<비밀이야의 맛있는 프랑스> 출간을 기념하여 북콘서트를 진행합니다. 북콘서트는 미식 블로거 비밀이야(배동렬)의 생생한 프랑스 미식 여행기와 출간 비하인드 스토리를 들을 수 있는 강연회와 사인회로 나누어 진행됩니다.
62,magazine/62.jpg,블루리본 소식,<비밀이야의 맛있는 프랑스> 출간,"미식의 나라 프랑스를 여행할 때 알아야 할 모든 것을 담은 프랑스 미식 여행 가이드북 <비밀이야의 맛있는 프랑스>가 출간되었다. 미식 블로거 '비밀이야'가 준비한 유럽 미식 여행 가이드의 완결편인 이번 책에는 프랑스에서 꼭 한 번 가볼 만한 레스토랑 255곳에 대한 정보를 비롯해 여행 일정 짜는 법, 렌터카 예약하는 법 등 여행자에게 필요한 팁이 담겨있다."
61,magazine/61.jpg,뉴스,<감베로 로쏘 TOP 이탈리아 레스토랑 어라운드 더 월드 - 한국 부문> 4곳 발표,이탈리아의 권위 있는 와인 & 음식 전문 매체인 감베로 로쏘가 2018년 11월 1일 서울 드래곤시티 호텔에서 열린 <감베로 로쏘 TOP 이탈리아 와인 로드쇼> 행사에서 2018-2019 한국 최고의 이탈리안 레스토랑 3곳(보칼리노/츄리츄리/스파카 나폴리)과 와인바 1곳(까사 델 비노)을 발표했다.
59,magazine/59.jpg,뉴스,"장진모 셰프, 한식 다이닝 바 ‘묘미’로 돌아오다","컨템퍼러리 레스토랑 ‘앤드 다이닝’을 통해 크리에이티브한 요리를 선보였던 장진모 셰프가 2년 만에 한식 다이닝 바 ‘묘미’로 돌아왔다. 놀라운 점은 장진모 셰프가 기존에 해왔던 요리 스타일이 아닌, 한식을 선보인다는 것. 11월 1일 정식 오픈 전, 그의 레스토랑 묘미를 찾아갔다."
57,magazine/57.jpg,뉴스,"2018 감베로 로쏘, TOP 이탈리아 와인 로드쇼 참가 접수 안내","이탈리아 최고의 와인 가이드인 ‘감베로 로쏘’가 주최하는 <2018 TOP 이탈리아 와인 로드쇼>가 오는 11월 1일 서울드래곤시티호텔(서울 용산구)에서 개최된다. 와인 전문 사이트인 와인21닷컴의 주관으로 개최되는 이번 행사는 와인 및 식음료 업계 전문인을 대상으로 열리는 비즈니스 행사로, 와인21닷컴 홈페이지에서 참가 신청을 받는다."
56,magazine/56.jpg,여행,피렌체의 밤을 즐기는 법 - 피아노 바 ‘질로’,낯선 도시를 여행할 땐 그 도시에 있는 괜찮은 바 한두 군데 정도는 알아두는 것이 좋다. 바에서 만나는 도시의 밤은 낮과는 또 다른 매력이 있기 때문이다. 만일 당신이 이탈리아 피렌체를 여행한다면 피아노 바 '질로'는 피렌체의 밤을 즐기는 좋은 방법이 될 것이다.
55,magazine/55.jpg,블루리본 소식,블루리본서베이 웹사이트 리뉴얼 오픈,"우리나라 최초의 맛집 평가서 <블루리본서베이>의 공식 홈페이지가 9월 10일 1차 리뉴얼 오픈했습니다.이번 홈페이지 리뉴얼은 레스토랑 소식, 레시피, 음식 전반을 다룬 '푸드 매거진'과 '검색 기능'을 강화하는 데 중점을 두었습니다."
54,magazine/54.jpg,뉴스,부산 초량동 ‘168빵카페’ 오픈: 요리연구가 홍신애의 베이커리 카페,방송과 언론을 통해 탄탄한 요리 솜씨와 입담을 펼치고 있는 요리연구가 홍신애가 지난 6월 30일 부산 초량동에 베이커리 카페 ‘168빵카페’를 오픈했다. 그간 ‘쌀가게by홍신애’와 ‘솔트’를 통해 건강한 집밥과 이탈리안 다이닝을 선보인 바 있었던 그는 ‘168빵카페’를 통해 새로운 도전에 나섰다.
53,magazine/53.jpg,뉴스,‘세기의 셰프’ 조엘 로뷔숑이 우리 곁을 떠났다,"'모던 프렌치'의 선구자로서 이 시대 최고의 프렌치 셰프로 손꼽히는 조엘 로뷔숑 셰프가 지난 8월 6일, 향년 73세로 별세했다."
52,magazine/52.jpg,레스토랑 & 카페,빵집은 진화한다 – 양평 ‘하우스베이커리’ 인기,"카페를 사랑하는 이들이 양평으로 향해야할 이유가 또 하나 늘었다. 지난 4월, 경기도 양평군 서종면에 있는 한옥 저택에 '하우스베이커리'가 문을 열었다. 빵집이면서 빵만큼 맛있는 음료가 있고, 주말이면 푸드트럭이 들어와 맥주 파티까지도 즐길 수 있는 곳. 끝나지 않을 것만 같은 무더위를 피해 '하우스베이커리'로 짧은 여행을 떠나보면 어떨까."
51,magazine/51.jpg,특집기사,2018년 상반기 미식업계 결산,"한 해의 반환점을 돌아 하반기를 향해 가고 있는 지금! 2018년 상반기를 뜨겁게 달구었던, 굵직한 미식업계 소식을 정리해보았다."
50,magazine/50.jpg,인플루언서 칼럼,"에스프레소, 어디까지 알고 계세요?",커피의 가장 기본인 에스프레소. 안타깝게도 맛에 대한 편중된 인식 때문에 커피인 사이에서 오해와 왜곡이 가장 심한 커피이기도 하다. 우리나라 최고의 커피 평론가 심재범 작가가 에스프레소의 특징과 우리나라 대표 에스프레소 전문점을 소개한다.
49,magazine/49.jpg,뉴스,이탈리아식 가스트로 그릴 ‘비스포크420’ 오픈,"‘요괴라면’으로 유명세를 치른 ‘옥토끼프로젝트’와 SG다인힐의 파인 다이닝 레스토랑 '부띠끄블루밍'을 이끌었던 현 정 셰프가 의기투합한 '비스포크420'이 6월 29일 오픈했다. 이탈리아식에 기반을 둔 가스트로 그릴로, 신선한 육류와 해산물, 채소를 오픈 주방에 있는 화덕 그릴에서 주문 즉시 구워내는 것을 콘셉트로 한다."
48,magazine/48.jpg,레스토랑 & 카페,"다시 돌아온 노마(Noma), 모든 것이 새롭다",덴마크의 뉴 노르딕 퀴진 레스토랑 노마(Noma)가 새단장을 하고 돌아왔다. 1년간의 휴식기를 거친 노마는  어떤 모습을 하고 있을까?
47,magazine/47.jpg,푸드 & 레시피,‘마약 푸드’의 계보를 잇다 – 마약계란 인기,"마약 김밥, 마약 옥수수를 잇는 새로운 마약 푸드가 등장했다. 달큰 짭짤한 양념장에 재운 반숙 계란 요리인 '마약계란'은 최근 소셜네트워크를 중심으로 인기를 얻고 있다. 블루리본 서베이는 인기 이유부터 만드는 법까지, 마약계란의 모든 것을 자세히 알아봤다."
46,magazine/46.jpg,푸드 & 레시피,"조희숙의 셰프 클래스 ""첫 번째 이야기"" - 4교시 해물부각탕수 레시피","작년 10월 14일, 조희숙 셰프의 클래스가 한식진흥원 한식문화관에서 열렸습니다. 그때 진행했던 수업의 일부를 영상으로 담았습니다. 이번 ""첫 번째 이야기""의 주제는 부각입니다. 4교시는 부각을 활용한 해물부각탕수 레시피입니다."
37,magazine/37.jpg,뉴스,맛있는 영화제 – 2018 부산푸드필름페스타(BFFF) 개막,"음식과 영화는 닮았다. 둘 다 사람의 오감을 자극하고 즐거움을 준다. 짜릿한 재미를 주기도 하고, 또 어떤 때는 잔잔한 감동을 주기도 한다. 그렇다면 이 둘이 만나면 어떨까. 여기, 음식과 영화를 한 자리에서 즐길 수 있는 영화제를 소개한다."
39,magazine/39.jpg,뉴스,이탈리아 ‘오스테리아 프란체스카나’ 월드50베스트레스토랑2018 1위에 선정,"2018년 6월 19일(현지 시각) 스페인 빌바오에서 열린 ‘월드50베스트레스토랑2018’(이하 W50B)에서 이탈리아 모데나의 ‘오스테리아 프란체스카나(Osteria Francescana)’가 1위에 선정되었다. W50B는 매년 전 세계의 레스토랑을 평가해 순위를 부여하는 시상식으로, 1위에서 50위까지 순위를 발표한다."
36,magazine/36.jpg,뉴스,음식으로 만나는 세계 – 제10회 성북세계음식축제 성황리에 마쳐,"지난 6월 17일, 성북로 일대는 색다른 맛을 경험하고자 하는 이들로 붐볐다. '제10회 성북세계음식축제 누리마실'에서는 두부밥부터 트르들로까지, 평소에는 쉽게 접하지 못한 음식들을 만나볼 수 있었다. 음식으로 하나가 된 흥겨운 축제의 현장을 블루리본 서베이가 생생하게 담아왔다."
35,magazine/35.jpg,뉴스,"권숙수, 신사동 떠나 청담동으로 확장 이전",한식 파인 다이닝 레스토랑 '권숙수'가 청담동으로 이사했다. 지난 2015년 신사동에 오픈한 지 3년 만이다. 권숙수는 청담동 매장 오픈과 함께 새로운 메뉴를 선보이는 등 새로운 곳에서 자리 잡는 데 총력을 기울일 예정이다.
40,magazine/40.jpg,공지사항,[마감] '조희숙 셰프의 한식 클래스' 신청 안내,'조희숙 셰프의 한식 클래스' 수강생을 새롭게 모집합니다. '셰프의 스승'이자 셰프들이 가장 배우고 싶어 하는 한식 전문가 조희숙 셰프의 한식 조리 비법과 레시피를 배울 수 있는 시간입니다.
41,magazine/41.jpg,블루리본 소식,<전국의 맛집 2018> 출간,"우리나라 최초의 맛집 평가서 블루리본서베이가 올해도 전국의 맛집 2018년 판을 선보인다. 전문가와 2만 명이 넘는 독자들의 평가를 바탕으로, 서울을 제외한 전국의 수준 있는 맛집을 지역별로 소개하고 있다."
43,magazine/43.jpg,뉴스,"<아시아50베스트레스토랑2018 순위 발표 - 밍글스 11위, 정식당 26위, 톡톡 42위에 올라","아시아 최고의 레스토랑 50곳을 선정하는 아시아50베스트레스토랑2018이 마카오에서 발표되었다. 우리나라에서는 밍글스, 정식당, 톡톡이 이름을 올렸다."
45,magazine/45.jpg,푸드 & 레시피,조희숙의 셰프 클래스 “첫 번째 이야기” – 3교시 김부각 레시피2,"작년 10월 14일, 조희숙 셰프의 클래스가 한식진흥원 한식문화관에서 열렸습니다. 그때 진행했던 수업의 일부를 영상으로 담았습니다. 이번 ""첫 번째 이야기""의 주제는 부각입니다. 2교시와는 다른 방법으로 만드는 김부각 레시피를 3교시 영상으로 만나보세요."
34,magazine/34.jpg,블루리본 소식,<디저트 놀이> 출간,"달콤한 디저트 일러스트에 나만의 색을 입혀 완성하는 컬러링북 '디저트 놀이'가 출간되었다. 이 책은 맛집 가이드북 블루리본서베이에서 발간한 컬러링북 시리즈 블루리본컬러링북의 첫 번째 기획물로, 나라별 대표 디저트를 자유롭게 색칠하는 컬러링북이다."
31,magazine/31.jpg,뉴스,조희숙 셰프가 빚어내는 한식 공간,"지난해 11월, 창덕궁이 내다보이는 아라리오 뮤지엄 신관 4층에 전통 한식 레스토랑 ‘한식공간’이 문을 열었다. ‘셰프의 스승’ 조희숙 셰프가 메뉴 총괄 및 자문을 하고 그의 제자들이 주방을 맡으면서 더욱 화제를 모았다."
32,magazine/32.jpg,블루리본 소식,<대한민국 베스트셀러 여행지 + 전국 맛집 175> 출간,"전국 지역별 대표 여행지 1,128곳과 전국 맛집 175곳을 정리한 여행 가이드북 <대한민국 베스트셀러 여행지 + 전국 맛집 175>가 출간되었다. 이 책은 맛집 가이드북 <블루리본서베이>에서 발간한 여행 가이드북 시리즈 <블루리본트래블>의 첫 번째 기획물로, 2012년 7월 출간된 <대한민국 베스트셀러 여행지 841 + 전국 맛집 140>의 개정판이다."
29,magazine/29.jpg,뉴스,AI 스피커로 음식을 주문한다?,"“우리 집으로 치킨 주문해줘”. 전화를 하지 않고 배달 앱에 접속하지 않아도 말 한마디면 원하는 음식이 눈앞에 배달되는 상상, 누구나 해본 적이 있을 것이다. 국내 AI 스피커 업체들이 앞다투어 음성 주문 서비스를 제공하기 시작하면서, 이러한 상상이 점차 현실에 가까워지고 있다."
28,magazine/28.jpg,푸드 & 레시피,조희숙의 셰프 클래스 “첫 번째 이야기” – 2교시 김부각 레시피1,"작년 10월 14일, 조희숙 셰프의 클래스가 한식진흥원 한식문화관에서 열렸습니다. 그때 진행했던 수업의 일부를 영상으로 담았습니다. 이번 ""첫 번째 이야기""의 주제는 부각입니다. 김부각 레시피를 담은 2교시 영상을 만나보세요."
12,magazine/12.jpg,레스토랑 & 카페,설 연휴의 고궁산책 - 경복궁둘레길 맛집 26선,"명절연휴에 많은 가게가 문을 닫지만,  서울의 고궁은 문이 활짝 열려있다. 설 연휴인 15일부터 18일까지 나흘간 4대 궁과 종묘, 조선왕릉을 무료로 개방한다. 가족들과 다 함께 혹은 혼자라도 괜찮은 설 연휴 고궁 나들이. 경복궁 둘레길을 따라 설 연휴에도 문을 여는 맛집을 소개한다."
16,magazine/16.jpg,레스토랑 & 카페,책 한 잔 하실래요? – 책과 술을 즐길 수 있는 서울의 북카페 7곳,"집이 아닌 공간에서 좋아하는 책 한 권, 시원한 맥주 한잔 소소하게 즐길 수 있는 아지트 같은 공간이 있다면 어떨까? 당신의 독서를 함께할 술 한 잔이 준비되어 있는 서울의 북카페 7곳을 소개한다."
42,magazine/42.jpg,푸드 & 레시피,"해외시장에서 잘 나가는 국산 김 과자 ‘김 스낵,’ 어떤 것이 있나?",2017년 국산 김 수출액이 5억달러를 넘었다. 흥미로운 점은 해외소비자들에게 김은 음식이 아닌 간식으로 소비되고 있다는 점이다. 이와 함께 김을 새롭게 해석한 김스낵에 대한 관심도 높아지고 있다.  해외로 나가고 있는 국내 김스낵 제품들은 어떤 것이 있는 지 살펴보자.
21,magazine/21.jpg,인플루언서 칼럼,"블루보틀커피, 한국 시장에서 성공가능성은?","최근 블루보틀 커피의 한국 상륙이 커피업계, 식음료 비즈니스 등 각 분야에서 커다란 화제가 되고 있다. 아직은 지켜 보아야 할 사안들이 많지만, 블루보틀은 커피, 파인 다이닝, 대형 식음료 업계 전반의 초미의 관심사다."
18,magazine/18.jpg,푸드 & 레시피,크라우드 펀딩으로 만나는 밸런타인 초콜릿,"밸런타인 시즌이 돌아왔다. 색다른 초콜릿, 디저트를 찾고 있다면 다양한 창의력을 한껏 뽐내는 공간인 '크라우드 펀딩'을 통해 알아보는 것은 어떨까?"
11,magazine/11.jpg,뉴스,올림픽과 함께 즐기는 2018 강릉세계겨울커피축제 - Jazz Presso,"강릉커피축제 10주년을 기념하는 2018 강릉 세계겨울 커피축제가 강릉커피거리에서 펼쳐진다. 평창 동계올림픽대회가 개최되는 2월 9일부터 25일까지 17일간 안목해변 커피거리 일대와 강릉시내의 커피 명소 일원에서 세계의 다양한 커피와 전시, 공연을 만나 볼 수 있다."
13,magazine/13.jpg,특집기사,"구석기인처럼 먹자, 팔레오 식단","팔레오 식단은 국내에서 구석기 다이어트, 원시인 다이어트로도 알려져 있다. 농업혁명 이전의 구석기인이 먹던 식단으로 돌아가자는 것이다. 대체 왜 체중 감량에서 '구석기 시대' 이야기가 나오는 걸까? 팔레오 식단에서 선호하는 식품과 피해야 하는 식품, 팔레오 식단에 도전하기 전 알아두어야 할 유의사항에 대해 알아본다."
30,magazine/30.jpg,인플루언서 칼럼,삿포로 눈 축제와 함께 즐기는 가이센동 맛집 6선,"음식, 여행 블로그 '비밀이야'의 배동렬 작가가 삿포로의 가이센동 대표 맛집 여섯 곳을 소개한다. 홋카이도의 신선한 해산물을 올린 해산물덮밥인 가이센동을 맛볼 수 있다. 2월 초에 열리는 삿포로 눈 축제와 함께 즐겨보자."
17,magazine/17.jpg,뉴스,샌프란시스코의 명물 ‘타르틴 베이커리’ 드디어 한국 상륙,샌프란시스코의 유명 베이커리 '타르틴 베이커리'가 해외 1호 매장을 서울에 선보였다.
22,magazine/22.jpg,뉴스,"계산대 없는 미래형 마트, ‘아마존 고’ 오픈","계 최대의 온라인 유통기업 아마존이 지난 22일(현지 시각), 미국 시애틀에 자리한 아마존 본사 1층에 계산대와 계산원이 없는 미래형 식료품 상점인 아마존 고(Amazon Go)를 오픈했다."
9,magazine/9.jpg,레스토랑 & 카페,2018 동계올림픽 개최지 - 평창주변 맛집 17선,"2018년 평창 동계올림픽이 코앞으로 다가왔다. 동계올림픽을 더 완벽하게 즐길 수 있는 방법, 올림픽대회가 개최되는 경기장을 따라 블루리본서베이 전국의 맛집에 선정된 평창, 강릉, 정선의 맛집을 소개한다."
10,magazine/10.jpg,특집기사,"지방을 먹으면서 살을 뺀다, 케토제닉 식단","저탄수화물 고지방 식단인 케토제닉 식단에 대한 관심이 높아지고 있다. 대체 어떻게해서 지방을 먹는데 체중 감량이 되는지, 어떤 지방을 먹어야 하는지, 영양 균형이 깨져 몸에 이상이 오지는 않을지 알아본다."
15,magazine/15.jpg,뉴스,‘프랑스 요리계의 거장’ 폴 보퀴즈 사망,'20세기 최고의 요리사' 폴 보퀴즈가 지난 1월20일 91세의 나이로 세상을 떠났다.
44,magazine/44.jpg,특집기사,"CES 2018, 주목해야할 푸드테크 제품과 기술은?","미국 라스베이거스에서 열린 국제가전제품박람회 CES 2018은 앞으로 우리 일상에서 일어날 수 있는 많은 변화를 가늠해 볼 수 있는 장이었다. 인공지능과 로보틱스 같은 첨단 기술이 우리 일상에 깊숙이 들어오고 있는 지금, 음식 분야에도 변화가 일어날 것으로 보인다. 이번 CES에서는 어떤 음식 관련 제품이 선을 보였는지 살펴보자."
26,magazine/26.jpg,"레스토랑 & 카페,뉴스","한식당 ‘평화옥’ 오픈 - 뉴코리안의 대표주자, 임정식 셰프의 새로운 도전","뉴코리안의 선두주자인 ‘정식당’의 임정식 셰프가 새로운 도전에 나섰다. 1월 18일, 인천공항 제2여객터미널에 곰탕과 평양냉면을 전문으로 하는 ‘평화옥’을 연 것. 곰탕, 평양냉면 등 좀 더 대중적인 한식을 만날 수 있다."
27,magazine/27.jpg,푸드 & 레시피,제주 맥주로 본 한국의 로컬 맥주,"지역 이름을 딴 수제 맥주가 하나의 유행이 되었다. 하지만 지역 이름을 딴 맥주가 실제로는 해당 지역과 전혀 상관없다는 것이 드러나면서, 과연 이들 맥주를 지역 맥주라고 부를 수 있을까 하는 논란이 일었다. '제주 로컬 맥주'를 표방하는 제주 맥주를 통해 우리나라의 로컬 맥주에 대해 알아본다."
8,magazine/8.jpg,뉴스,"이제는 과자가 아닌 디저트, 초코파이의 변신",오리온이 44년간 대표 브랜드로 자리매김한 초코파이를 프리미엄 디저트로 재해석한 '디저트 초코파이'와 이를 판매하는 디저트 전문매장 '초코파이 하우스'를 선보였다.
23,magazine/23.jpg,푸드 & 레시피,조희숙의 셰프 클래스 “첫 번째 이야기” – 1교시 부각,"작년 10월 14일, 조희숙 셰프의 클래스가 한식진흥원 한식문화관에서 열렸습니다. 그때 진행했던 수업의 일부를 영상으로 담았습니다. 이번 ""첫 번째 이야기""의 주제는 부각입니다. 부각에 대한 개괄 설명을 담은 1교시 영상을 만나보세요."
7,magazine/7.jpg,특집기사,"탄수화물 줄이기, 혈당지수가 중요하다",1월은 체중 감량을 위한 식단 조절을 시작하겠다는 결심을 다지기 좋은 시기다. 체중 조절을 위해 중요한 요소로 꼽히는 '탄수화물 줄이기'를 실천할 때 알아두면 좋은 혈당지수에 대해 알아본다.
24,magazine/24.jpg,뉴스,"SG다인힐, '제주맥주'와 '투어 프로모션' 진행","SG다인힐이 ‘브루클린 브루어리’의 아시아 첫 자매회사 ‘제주맥주’와 함께 1월 5일부터 ‘투어 프로모션’을 진행한다. 이번 프로모션은 ‘블루밍가든’, ‘투뿔등심 고담’, ‘붓처리서울’ 등 9개 브랜드의 29개 전 매장에서 진행하며, 제주맥주(병)를 2병, 혹은 제주맥주(생)를 2잔 이상 주문하는 고객에게 투어 응모권을 증정한다."
